Il,Ilce,0-4,5-9,10-14,15-19,20-24,25-29,30-34,35-39,40-44,45-49,50-54,55-59,60-64,65-69,70-74,75-79,80-84,85-89,90+
Adana,Aladağ,722,657,650,759,614,646,564,499,520,428,506,472,350,349,265,238,128,58,22
Adana,Ceyhan,6628,6843,6988,7045,6003,5978,5846,5216,4930,4915,4766,3935,3090,2259,1775,1382,1089,529,162
Adana,Çukurova,11791,12843,13487,13394,11791,13943,16567,16518,14853,13264,12003,9782,6908,4270,2425,1510,1101,563,171
Adana,Feke,649,697,811,779,523,584,547,513,600,471,541,477,412,396,366,197,164,88,20
Adana,İmamoğlu,1188,1277,1374,1317,971,982,958,986,1011,1018,927,759,590,504,405,264,230,71,23
Adana,Karaisalı,723,798,878,955,680,629,621,722,787,731,712,643,509,458,437,352,262,139,35
Adana,Karataş,868,883,809,820,750,815,858,779,745,701,648,587,480,352,297,212,147,64,25
Adana,Kozan,4940,5248,5690,5300,4190,4358,4629,4669,4781,4277,3689,2945,2550,2089,1693,1089,916,401,173
Adana,Pozantı,767,680,752,785,674,720,682,637,681,638,633,599,549,431,357,229,170,92,23
Adana,Saimbeyli,637,661,731,723,594,542,559,508,492,439,439,363,356,366,247,119,149,70,14
Adana,Sarıçam,6033,6187,6054,6577,6479,5554,5729,5209,4958,4268,3437,2340,1666,1033,777,499,374,172,56
Adana,Seyhan,33100,33327,33292,32827,30844,32148,33663,29650,26138,22772,20547,17372,13901,9881,7060,5194,3549,1623,549
Adana,Tufanbeyli,649,578,676,646,574,575,590,442,582,560,552,461,462,437,385,232,198,56,32
Adana,Yumurtalık,675,672,748,724,581,625,591,607,699,667,629,533,422,332,291,184,150,73,14
Adana,Yüreğir,20980,20599,19569,18593,17403,17660,18046,15005,13213,11082,9992,8501,6620,4528,2988,2153,1454,759,248
Adıyaman,Merkez,14015,13332,13205,13917,12493,12039,12134,10062,8754,6641,5766,4176,3877,3013,1909,1435,964,650,265
Adıyaman,Besni,3430,3550,3829,3890,3248,2790,2862,2509,2165,1880,1685,1551,1507,1192,975,729,525,303,128
Adıyaman,Çelikhan,672,731,706,778,609,645,548,519,444,378,302,259,276,233,142,104,103,58,25
Adıyaman,Gerger,1103,1200,1209,1421,901,753,565,478,426,382,402,375,426,375,354,258,184,104,55
Adıyaman,Gölbaşı,1955,2004,2046,2086,1580,1768,1848,1768,1639,1262,1156,1021,934,756,588,427,349,153,95
Adıyaman,Kahta,6214,6516,6894,7013,5530,4697,3969,3448,2986,2122,1960,1752,1560,1289,931,702,453,293,155
Adıyaman,Samsat,450,517,498,532,421,363,318,287,243,188,169,155,147,138,90,36,33,23,8
Adıyaman,Sincik,864,883,1124,1202,1034,748,574,503,418,370,349,369,357,266,194,140,89,63,38
Adıyaman,Tut,455,485,514,445,347,369,403,383,308,229,231,218,223,184,158,111,79,38,23
Afyonkarahisar,Merkez,10900,10882,10816,12457,13411,11560,11993,10246,9146,7428,7074,5681,4328,2908,2297,1753,1270,514,101
Afyonkarahisar,Başmakçı,298,324,385,368,326,332,320,282,368,344,407,354,273,248,242,180,156,66,11
Afyonkarahisar,Bayat,298,307,346,416,348,293,256,255,250,214,213,198,202,180,166,143,102,40,12
Afyonkarahisar,Bolvadin,1584,1646,1780,2091,1867,1563,1662,1427,1449,1415,1530,1196,1022,759,588,490,409,121,26
Afyonkarahisar,Çay,1082,1209,1314,1399,1135,1092,1118,1148,1167,1134,1168,1077,886,662,496,404,319,142,23
Afyonkarahisar,Çobanlar,750,832,758,590,545,548,563,464,414,322,321,259,230,144,110,90,53,22,2
Afyonkarahisar,Dazkırı,360,361,377,409,361,353,364,333,342,408,385,333,291,262,246,182,154,55,10
Afyonkarahisar,Dinar,1607,1772,1873,1933,1559,1537,1578,1578,1680,1566,1653,1450,1298,1018,852,661,595,205,42
Afyonkarahisar,Emirdağ,1059,1250,1400,1630,1482,1384,1209,1216,1235,1429,1365,1213,1012,894,789,499,396,166,53
Afyonkarahisar,Evciler,228,241,310,265,247,215,233,240,286,268,271,256,240,212,178,125,87,33,11
Afyonkarahisar,Hocalar,314,375,408,443,323,314,332,325,368,331,348,326,292,245,252,155,113,29,9
Afyonkarahisar,İhsaniye,1128,1093,1296,1334,1088,1065,1022,946,887,849,794,655,594,472,459,366,218,65,16
Afyonkarahisar,İscehisar,1142,1215,1268,1098,1021,916,917,826,764,643,585,428,378,300,269,192,128,43,13
Afyonkarahisar,Kızılören,58,44,51,79,78,58,56,70,67,101,125,115,95,107,109,80,56,22,6
Afyonkarahisar,Sandıklı,1884,2002,2037,1931,2030,2058,2101,1929,1994,1863,2011,1685,1482,1342,1115,844,678,271,57
Afyonkarahisar,Sinanpaşa,1458,1474,1679,1794,1433,1340,1380,1317,1366,1291,1364,1226,1029,931,829,683,407,180,30
Afyonkarahisar,Sultandağı,351,440,489,613,501,449,457,524,546,596,697,715,634,530,387,331,255,90,16
Afyonkarahisar,Şuhut,1269,1344,1404,1493,1216,1271,1217,1254,1269,1285,1389,1126,1044,866,737,495,409,111,24
Ağrı,Merkez,8477,8076,8394,7804,7592,5973,5693,3837,3447,2360,2025,1721,1356,1113,775,495,398,159,84
Ağrı,Diyadin,3062,2979,3398,2522,1898,1398,1404,1033,1005,657,521,555,449,399,246,154,108,42,14
Ağrı,Doğubayazıt,7721,6897,7458,6452,5381,4359,4175,3200,2181,1930,1952,1494,1249,892,656,467,357,137,81
Ağrı,Eleşkirt,2105,2058,2506,2081,1676,1330,1392,998,847,753,710,593,438,321,315,186,146,67,25
Ağrı,Hamur,1446,1431,1357,1216,913,688,622,471,417,312,238,276,224,194,122,77,51,21,3
Ağrı,Patnos,9255,8016,9425,7105,5599,4380,3819,2402,2099,1832,1483,1640,1206,760,583,382,261,130,63
Ağrı,Taşlıçay,1384,1482,1525,1204,867,805,773,453,518,331,338,254,243,230,152,97,87,32,13
Ağrı,Tutak,2168,2091,2282,1857,1439,1181,1140,791,679,558,511,491,440,288,225,166,122,53,18
Amasya,Merkez,4350,4497,4993,5500,5315,4993,5330,5102,4882,4471,4306,3457,2909,2443,1884,1493,1056,401,95
Amasya,Göynücek,298,311,472,458,288,276,311,292,358,362,408,379,429,386,307,208,169,66,13
Amasya,Gümüşhacıköy,555,598,724,755,623,579,642,673,679,763,979,917,839,849,720,531,436,178,39
Amasya,Hamamözü,102,107,154,145,130,120,103,111,128,123,148,137,169,157,133,86,82,27,6
Amasya,Merzifon,2190,2244,2366,2434,2178,2535,2898,2644,2443,2282,2372,1976,1764,1500,1236,910,728,332,91
Amasya,Suluova,1486,1681,2000,2104,1627,1630,1673,1618,1610,1602,1479,1225,1103,897,683,506,381,146,42
Amasya,Taşova,779,848,1126,1040,786,800,871,815,900,1076,1164,1235,1118,1175,808,868,543,216,82
Ankara,Akyurt,1224,1255,1248,1217,1090,1184,1191,1081,931,831,689,602,435,332,225,157,127,58,16
Ankara,Altındağ,13587,14137,14338,14623,15152,15257,15649,13897,12923,11486,10012,7788,6076,4399,3693,2680,2091,934,223
Ankara,Ayaş,302,341,449,485,354,324,381,393,437,446,491,499,391,336,314,243,207,101,24
Ankara,Bala,736,791,857,831,734,730,691,731,810,760,795,740,671,486,383,290,187,93,21
Ankara,Beypazarı,1518,1544,1706,1636,1499,1710,1900,1681,1655,1620,1644,1388,1114,930,806,677,502,278,64
Ankara,Çamlıdere,152,163,192,219,199,156,150,165,166,217,245,243,311,275,292,209,149,87,25
Ankara,Çankaya,21667,22090,22916,30900,39855,38038,40878,39244,38055,36265,33494,28991,23257,18356,13375,10097,8147,5003,1815
Ankara,Çubuk,3165,3658,3747,3785,3017,3169,3330,3248,3001,2574,2212,1759,1483,1104,925,581,504,187,52
Ankara,Elmadağ,1550,1680,1768,1650,1642,1646,1742,1633,1568,1478,1309,1005,865,601,500,343,254,126,32
Ankara,Etimesgut,19036,18501,17230,16145,17252,22678,24923,21474,18598,15903,13312,9886,6445,4236,2868,1883,1397,694,198
Ankara,Evren,47,82,100,99,77,64,74,95,84,93,122,120,116,115,83,72,49,24,5
Ankara,Gölbaşı,4551,4431,4422,5032,4745,5085,5301,4608,4135,3576,3110,2387,1700,1197,870,594,495,227,63
Ankara,Güdül,187,174,223,249,224,176,187,233,267,274,410,343,356,303,364,270,225,96,28
Ankara,Haymana,1621,1696,1845,1846,1535,1411,1449,1329,1324,1323,1260,1142,918,759,498,375,288,130,39
Ankara,Kalecik,323,354,421,531,478,332,402,324,432,453,474,456,494,406,307,286,220,91,16
Ankara,Kazan,2068,2011,1924,1770,1783,2035,2113,1791,1636,1247,1075,756,626,436,427,301,230,86,22
Ankara,Keçiören,30158,30874,31674,31628,32672,37705,39884,36540,34351,30374,26164,20548,14921,11286,8271,5956,4308,1876,556
Ankara,Kızılcahamam,612,674,790,813,755,748,811,782,880,897,983,912,951,802,794,497,435,217,58
Ankara,Mamak,20767,21325,21489,21919,22854,25458,26245,24312,22078,19366,16429,12430,9293,6832,5022,3513,2718,1212,304
Ankara,Nallıhan,878,835,835,796,915,964,1019,931,952,963,1178,1031,935,745,750,589,481,228,36
Ankara,Polatlı,4146,4476,4756,4891,4273,4512,4568,4294,4316,4048,3494,2882,2349,1690,1336,1004,711,292,88
Ankara,Pursaklar,5536,5698,5687,5043,5082,5938,6060,5071,4423,3663,3115,2140,1459,976,641,483,320,148,47
Ankara,Sincan,20032,20921,20376,18837,19219,22154,22719,19714,17401,14961,12966,9994,6811,4336,2871,2042,1522,672,156
Ankara,Şereflikoçhisar,1092,1137,1212,1240,1105,1208,1218,1116,1100,1105,1165,1047,1008,828,554,477,396,166,54
Ankara,Yenimahalle,19159,19124,19424,22396,24395,25909,27568,25635,24092,21824,19784,16697,12231,8809,6067,4225,3145,1489,474
Antalya,Akseki,207,270,318,392,356,292,310,309,382,435,450,478,452,413,433,354,339,149,26
Antalya,Aksu,2675,2804,2962,2798,2536,2641,2770,2457,2514,2199,1998,1399,1007,672,541,354,274,125,31
Antalya,Alanya,10595,11047,10615,10209,9352,11126,12543,12235,10877,8960,7340,5816,4759,3423,2761,1759,1128,530,162
Antalya,Demre,903,1010,1030,944,786,962,1137,1118,1055,878,752,564,409,393,246,187,161,65,13
Antalya,Döşemealtı,1952,2055,1998,1916,1799,1994,2145,2006,1952,1737,1567,1261,918,700,518,359,311,116,31
Antalya,Elmalı,1184,1224,1289,1394,1160,1154,1271,1327,1317,1346,1277,1129,1051,896,806,524,458,216,40
Antalya,Finike,1597,1708,1745,1667,1644,1794,1820,1825,1783,1651,1516,1257,933,699,547,411,332,151,42
Antalya,Gazipaşa,1528,1738,1934,1742,1549,1557,1775,1858,2129,1841,1477,1219,936,604,652,593,413,208,52
Antalya,Gündoğmuş,165,198,257,290,243,208,181,197,213,261,269,277,307,261,285,207,216,82,15
Antalya,İbradı,66,74,63,66,77,63,70,65,91,76,92,97,90,101,104,94,85,34,10
Antalya,Kaş,1805,1996,1985,1793,1616,1931,2153,1990,2213,1889,1726,1324,1199,1038,799,615,493,206,46
Antalya,Kemer,1611,1476,1377,1240,1580,2039,2110,1874,1671,1285,1032,762,623,470,318,201,161,63,24
Antalya,Kepez,18767,18702,17971,17881,17897,20167,21400,18694,16986,14083,12240,9414,6401,4231,2598,1714,1311,580,175
Antalya,Konyaaltı,4448,4547,4291,4986,5320,5932,7317,6949,6168,5207,4520,3819,2589,1742,1055,675,505,303,75
Antalya,Korkuteli,1729,1816,1865,1773,1591,1606,1749,1747,1792,1837,1723,1505,1382,1202,1092,722,536,212,52
Antalya,Kumluca,2346,2588,2574,2536,2293,2594,2827,2692,2671,2185,2060,1539,1037,799,625,438,485,160,55
Antalya,Manavgat,8678,8583,8009,7298,7241,9152,9913,8992,8117,6424,5435,4010,2858,2283,1758,1026,993,399,136
Antalya,Muratpaşa,14868,14570,14553,14549,15112,19936,22545,21529,19383,16879,15071,12760,9582,6826,4711,3106,2299,1130,300
Antalya,Serik,4301,4481,4284,4297,3823,4427,4714,4515,4327,3585,3355,2844,2070,1556,1270,751,711,312,109
Artvin,Merkez,988,916,1043,1357,1931,1376,1314,1188,1169,1092,960,852,608,498,424,311,299,136,47
Artvin,Ardanuç,262,265,305,327,312,302,307,280,395,409,391,443,381,360,332,227,224,84,26
Artvin,Arhavi,533,590,673,755,643,744,672,693,781,740,618,619,470,361,371,283,329,144,51
Artvin,Borçka,820,861,917,938,865,946,908,766,872,772,699,673,552,428,404,287,233,107,53
Artvin,Hopa,1154,1182,1256,1243,1195,1312,1218,1212,1288,1135,988,952,687,596,518,324,317,204,56
Artvin,Murgul,236,193,196,211,213,255,247,210,227,238,234,176,184,106,100,67,62,34,10
Artvin,Şavşat,230,291,429,429,370,345,392,433,539,488,556,781,820,836,706,313,490,173,60
Artvin,Yusufeli,556,571,696,800,667,722,640,649,645,701,695,847,702,675,610,431,377,133,28
Aydın,Bozdoğan,1040,1061,1177,1250,1106,1096,1072,1076,1117,1122,1203,1119,896,835,751,631,498,261,77
Aydın,Buharkent,422,458,435,427,389,442,473,430,422,435,441,341,318,265,195,202,160,63,14
Aydın,Çine,1263,1450,1563,1690,1431,1494,1668,1708,1785,1867,1925,1716,1480,1354,1094,987,678,332,66
Aydın,Didim,2026,2070,2052,1976,1973,2407,2570,2380,2224,2262,2330,2317,1811,1339,735,434,306,141,41
Aydın,Efeler,8467,8875,9312,10289,10292,9921,10831,10538,9570,8931,8779,7597,5595,4322,3162,2590,2010,970,250
Aydın,Germencik,1531,1589,1580,1752,1576,1400,1458,1394,1327,1293,1308,1303,1051,885,743,692,544,222,63
Aydın,İncirliova,1822,1736,1712,1658,1611,1705,1691,1569,1497,1413,1443,1261,980,779,591,563,407,176,48
Aydın,Karacasu,509,576,601,825,674,526,606,600,698,737,684,630,592,543,419,389,279,127,17
Aydın,Karpuzlu,320,296,356,393,285,279,326,298,369,415,487,450,393,352,319,250,199,101,13
Aydın,Koçarlı,556,663,745,962,788,623,667,701,764,783,969,861,713,642,568,523,422,163,52
Aydın,Köşk,933,928,1019,1006,867,955,1020,1006,909,849,867,727,578,497,403,325,276,108,31
Aydın,Kuşadası,2712,2847,2982,2954,3031,3479,4196,3997,3801,3560,3520,3091,2476,1810,1066,733,475,235,74
Aydın,Kuyucak,697,796,800,874,833,822,970,930,983,973,1031,1059,861,680,621,513,404,187,46
Aydın,Nazilli,4273,4528,4804,5954,6349,5432,5556,5321,5300,4868,5100,4812,3618,2966,2190,1931,1548,746,167
Aydın,Söke,3747,3859,4119,4426,3949,4092,4426,4144,3984,3958,3842,3451,2742,2168,1622,1328,1017,414,135
Aydın,Sultanhisar,601,616,618,1016,894,636,694,651,634,656,685,734,578,533,442,360,304,150,32
Aydın,Yenipazar,278,319,349,646,512,355,384,403,429,448,422,456,395,388,371,315,244,116,35
Balıkesir,Altıeylül,4831,5166,5406,6383,6715,5939,6537,6691,6429,6226,5743,4862,3879,2912,2302,1764,1259,578,139
Balıkesir,Ayvalık,1672,1855,1941,1952,1929,1933,2235,2342,2455,2403,2444,2268,1961,1721,1149,951,672,345,137
Balıkesir,Balya,243,270,355,370,290,266,364,397,417,491,525,541,613,516,556,430,318,149,36
Balıkesir,Bandırma,3848,3969,4131,5064,5444,5245,5808,5431,5301,5229,5020,4297,3639,2917,2106,1618,1172,551,146
Balıkesir,Bigadiç,1248,1440,1605,1817,1546,1510,1737,1623,1786,1835,1868,1613,1366,1028,1058,716,571,223,51
Balıkesir,Burhaniye,1389,1518,1691,1805,1536,1728,1873,1877,2048,1954,2021,1743,1461,1143,901,587,452,231,62
Balıkesir,Dursunbey,982,1272,1411,1446,1261,1125,1321,1319,1338,1457,1418,1428,1314,1189,1012,698,584,183,33
Balıkesir,Edremit,3628,3847,4097,4115,3809,4423,4837,4834,4809,4652,5043,4832,3856,2894,2103,1469,985,495,150
Balıkesir,Erdek,769,821,842,951,910,1036,1112,1020,1186,1206,1345,1235,1167,935,684,560,375,163,51
Balıkesir,Gömeç,358,385,432,418,305,389,459,411,359,384,398,410,349,282,231,158,134,75,20
Balıkesir,Gönen,1945,1950,2350,2427,2252,2283,2628,2693,2776,2790,2828,2491,1983,1654,1395,1153,850,367,86
Balıkesir,Havran,935,947,1029,1024,938,953,977,915,906,923,919,739,661,586,548,418,308,154,50
Balıkesir,İvrindi,853,1007,1130,1121,892,883,1038,1131,1134,1235,1212,1239,1101,913,937,686,441,274,72
Balıkesir,Karesi,4672,5038,5429,6309,6343,6067,6674,7044,6630,6392,6211,5042,3832,2942,2277,1842,1261,584,152
Balıkesir,Kepsut,517,595,721,774,582,531,648,747,821,836,915,894,808,718,618,491,373,139,37
Balıkesir,Manyas,487,483,579,721,555,535,556,658,718,738,803,838,689,621,548,493,395,165,47
Balıkesir,Marmara,257,274,251,222,266,330,293,280,297,313,327,303,244,204,166,111,106,36,6
Balıkesir,Savaştepe,481,593,589,692,689,499,590,620,737,730,625,592,505,480,476,355,301,147,28
Balıkesir,Sındırgı,607,751,1022,1267,909,703,867,1057,1266,1498,1468,1494,1442,1276,1218,882,686,359,81
Balıkesir,Susurluk,1013,1055,1166,1357,1281,1157,1312,1411,1494,1575,1532,1436,1100,957,877,778,530,237,93
Bilecik,Merkez,2181,2211,2188,2461,3255,2697,2839,2540,2273,1984,1811,1389,1061,911,837,645,511,215,47
Bilecik,Bozüyük,2430,2406,2586,2496,2374,2807,2944,2736,2663,2439,2181,1718,1228,961,869,611,480,228,44
Bilecik,Gölpazarı,180,170,223,285,239,235,237,240,312,346,431,416,377,343,388,320,302,91,22
Bilecik,İnhisar,43,48,53,57,58,49,54,59,83,91,132,129,127,118,127,108,76,38,13
Bilecik,Osmaneli,749,697,712,870,822,779,853,713,747,722,721,607,474,340,287,226,189,85,7
Bilecik,Pazaryeri,242,251,334,517,465,299,299,285,315,388,384,427,345,325,352,258,175,102,11
Bilecik,Söğüt,601,566,551,704,632,639,675,638,621,635,629,537,406,384,336,256,216,97,21
Bilecik,Yenipazar,60,55,67,70,61,67,83,65,97,103,130,164,176,111,131,113,95,42,10
Bingöl,Merkez,6859,6494,6529,6900,7350,6747,6607,5255,4340,3269,2525,2265,1673,1324,961,669,509,251,110
Bingöl,Adaklı,349,356,403,414,387,352,313,228,174,210,189,189,242,191,143,95,98,61,31
Bingöl,Genç,1580,1628,1762,1866,1771,1590,1439,1063,981,778,672,637,537,422,376,278,194,86,26
Bingöl,Karlıova,1729,1899,1903,1821,1482,1245,1127,899,784,716,498,502,425,361,274,157,124,62,38
Bingöl,Kiğı,168,135,137,117,160,192,207,140,120,103,131,135,120,90,98,58,67,24,9
Bingöl,Solhan,1559,1765,1797,1934,1808,1338,1300,1090,921,737,559,511,457,308,242,144,131,84,24
Bingöl,Yayladere,33,28,12,25,25,48,44,38,43,36,57,77,62,56,33,37,28,15,8
Bingöl,Yedisu,108,93,110,118,122,104,113,95,94,72,62,64,66,43,39,22,19,6,6
Bitlis,Merkez,3420,3159,3453,3543,3600,2823,2473,1811,1590,1085,973,923,708,566,371,215,198,137,69
Bitlis,Adilcevaz,1972,1777,1929,1708,1540,1165,971,757,736,546,523,459,335,260,191,125,117,88,36
Bitlis,Ahlat,2315,2268,2200,1923,1699,1431,1386,906,910,765,622,501,452,324,243,169,132,76,28
Bitlis,Güroymak,2939,2995,3183,2752,2152,1579,1608,1157,895,754,553,511,414,266,258,155,117,54,46
Bitlis,Hizan,2140,2476,2549,2421,1530,1257,1113,922,760,651,582,628,507,442,283,168,176,68,38
Bitlis,Mutki,2098,2146,2598,2116,1483,1163,982,759,678,513,441,406,367,252,200,120,106,68,58
Bitlis,Tatvan,4763,4525,4751,4337,3937,3761,3393,2386,2064,1472,1145,1134,909,733,457,316,253,139,73
Bolu,Merkez,5558,5633,5812,7375,8459,6732,7810,7142,6471,5625,5207,4493,3549,2519,2066,1447,1306,657,128
Bolu,Dörtdivan,134,170,189,226,173,149,158,153,198,186,232,285,282,272,295,138,182,49,12
Bolu,Gerede,1097,1110,1122,1424,1324,1114,1115,1099,1160,978,1069,1049,1030,833,750,450,446,201,33
Bolu,Göynük,418,428,485,449,396,498,526,455,450,469,532,529,482,477,406,375,304,145,24
Bolu,Kıbrıscık,88,83,82,83,85,82,89,98,94,101,107,125,123,156,159,95,84,42,9
Bolu,Mengen,289,345,376,412,380,412,404,389,441,477,563,566,534,426,439,342,293,149,37
Bolu,Mudurnu,565,520,591,691,706,606,592,528,681,692,714,715,635,591,503,414,362,140,30
Bolu,Seben,109,110,131,124,102,120,140,160,150,178,209,241,255,230,237,183,154,81,17
Bolu,Yeniçağa,183,207,254,285,230,218,253,244,262,293,272,262,246,208,174,145,129,59,10
Burdur,Merkez,2737,2819,3110,3817,4630,3450,3646,3609,3495,3346,3457,3163,2301,1912,1462,1261,995,498,100
Burdur,Ağlasun,241,269,320,312,230,199,256,294,334,270,280,304,332,256,221,173,146,58,20
Burdur,Altınyayla,138,170,201,210,183,149,150,162,213,195,197,196,139,155,137,116,106,42,9
Burdur,Bucak,1999,2268,2363,3041,2985,2057,2195,2247,2292,2079,1948,1756,1389,1158,970,696,613,279,81
Burdur,Çavdır,416,433,505,496,374,380,396,423,437,474,497,433,366,269,203,250,176,66,16
Burdur,Çeltikçi,104,127,136,169,128,103,149,134,186,168,259,237,237,244,193,148,116,63,12
Burdur,Gölhisar,569,660,747,1159,855,654,698,715,717,771,770,671,483,431,332,324,276,121,29
Burdur,Karamanlı,254,243,217,175,239,239,281,253,211,244,295,281,245,247,204,192,187,102,30
Burdur,Kemer,63,89,104,109,101,90,103,98,123,127,154,156,153,135,110,106,64,48,4
Burdur,Tefenni,199,265,325,361,270,254,300,324,334,323,384,385,330,321,254,237,175,96,17
Burdur,Yeşilova,358,395,439,435,374,374,471,470,509,566,681,680,682,663,548,508,432,159,42
Bursa,Büyükorhan,280,360,367,450,360,314,356,316,347,376,421,429,445,396,340,194,164,57,18
Bursa,Gemlik,3119,3383,3438,3564,3416,3905,4494,4090,3725,3549,3360,2978,2207,1717,1317,992,672,306,81
Bursa,Gürsu,3067,3004,2718,2743,2798,3193,3230,2576,2423,2043,1767,1444,1053,687,507,413,310,123,45
Bursa,Harmancık,146,173,175,256,234,209,173,169,184,275,301,320,277,236,246,126,118,28,13
Bursa,İnegöl,9438,9541,9857,9642,8971,9859,10191,9197,8498,7172,6152,5233,3978,3142,2625,1781,1322,557,163
Bursa,İznik,1177,1235,1479,1556,1294,1332,1619,1595,1641,1631,1590,1367,1200,969,835,659,470,164,47
Bursa,Karacabey,2683,2632,2824,2889,2669,2763,3029,2926,2771,2721,2795,2439,1984,1627,1208,1068,772,354,72
Bursa,Keles,279,314,387,435,403,337,378,365,391,426,620,485,517,451,499,321,260,85,30
Bursa,Kestel,1739,1704,1706,1740,1803,2164,2251,2055,1868,1865,1777,1547,1152,840,704,547,384,169,42
Bursa,Mudanya,1920,2150,2312,2381,2397,2627,3027,2961,3001,3089,3089,2894,2405,1818,1239,925,681,311,109
Bursa,Mustafakemalpaşa,2800,3040,3501,3580,3168,3196,3437,3507,3714,3738,3639,3224,2818,2291,1732,1393,1052,418,108
Bursa,Nilüfer,12621,12376,11539,13001,15206,16684,18867,16888,14603,12430,10568,8814,6372,4101,2805,1978,1432,695,192
Bursa,Orhaneli,605,711,756,827,667,680,687,658,742,715,813,737,759,644,508,370,318,96,25
Bursa,Orhangazi,2340,2665,2588,2768,2560,2896,3140,2944,2882,2721,2377,2108,1639,1332,1025,762,582,260,64
Bursa,Osmangazi,28986,29061,28296,28505,28972,34589,37815,33815,30549,26772,23336,19818,15206,11458,8529,6468,4601,2086,660
Bursa,Yenişehir,1647,1610,1752,1850,1723,1783,1942,1701,1776,1837,1798,1547,1397,1211,993,731,582,231,66
Bursa,Yıldırım,25074,24843,23956,24063,24336,27737,29561,25539,23196,20288,18079,15298,11363,8143,6034,4428,3115,1479,439
Çanakkale,Merkez,3926,3755,4011,6763,7233,5504,6105,5779,5606,5300,5075,4420,3360,2501,1754,1352,1003,478,149
Çanakkale,Ayvacık,757,807,796,947,839,913,1038,1073,1029,1060,1147,1153,1030,870,657,550,480,213,59
Çanakkale,Bayramiç,772,770,747,814,825,860,1024,983,1070,1109,1165,1131,972,860,714,613,505,246,48
Çanakkale,Biga,2295,2332,2449,3206,3594,2684,3141,2949,2805,2849,2936,2672,2396,1938,1669,1337,1045,510,127
Çanakkale,Bozcaada,59,46,39,51,81,88,98,99,95,101,96,89,58,62,53,32,20,15,3
Çanakkale,Çan,1378,1409,1430,1419,1465,1694,2018,1809,1828,1829,1841,1661,1308,1091,977,716,608,281,67
Çanakkale,Eceabat,211,217,195,226,235,274,330,279,310,307,330,339,311,228,204,163,146,90,17
Çanakkale,Ezine,787,872,889,1008,948,922,1094,1054,1114,1112,1106,1011,962,834,603,504,440,182,51
Çanakkale,Gelibolu,1062,1093,1212,1247,1171,1268,1584,1516,1572,1421,1463,1316,1147,876,771,536,478,184,50
Çanakkale,Gökçeada,276,236,223,255,291,302,362,300,212,206,198,199,182,131,98,82,50,35,11
Çanakkale,Lapseki,659,640,728,843,715,733,850,807,871,947,932,970,831,719,571,479,358,167,37
Çanakkale,Yenice,783,880,916,1169,953,899,1024,1000,1187,1272,1353,1353,1235,973,952,746,493,238,56
Çankırı,Merkez,2852,2900,3161,3763,4339,3091,3238,3113,2923,2696,2453,2053,1663,1271,1021,822,621,237,64
Çankırı,Atkaracalar,158,146,163,174,205,186,177,159,204,181,182,216,208,175,126,74,67,32,3
Çankırı,Bayramören,46,46,36,65,57,51,39,50,68,69,137,146,147,125,129,90,62,22,3
Çankırı,Çerkeş,467,492,557,482,509,526,526,569,506,511,479,560,481,455,416,280,240,99,24
Çankırı,Eldivan,151,177,204,216,160,152,164,165,195,232,259,255,235,207,215,162,137,43,12
Çankırı,Ilgaz,298,356,382,400,355,376,366,371,369,388,530,606,591,509,498,336,281,95,34
Çankırı,Kızılırmak,219,255,300,336,273,232,205,193,257,266,257,288,219,262,210,132,131,49,6
Çankırı,Korgun,97,98,97,133,110,102,95,73,96,112,142,171,187,145,151,119,95,48,9
Çankırı,Kurşunlu,225,225,245,263,282,243,295,231,262,290,293,314,318,277,237,174,152,55,23
Çankırı,Orta,544,541,630,765,646,544,541,537,629,735,691,663,677,520,474,250,225,69,25
Çankırı,Şabanözü,373,349,347,291,380,359,382,320,325,297,346,368,346,295,277,215,130,45,8
Çankırı,Yapraklı,210,216,221,317,253,187,172,220,213,229,319,381,390,356,314,217,162,69,16
Çorum,Merkez,9329,9613,10476,11200,10424,10386,11602,10891,9918,8698,8284,6739,5487,4288,3158,2449,1840,894,247
Çorum,Alaca,1021,1140,1347,1416,1188,985,1070,1054,1113,1060,1024,972,960,885,816,532,473,210,56
Çorum,Bayat,650,729,790,908,720,590,588,507,599,542,643,665,662,598,472,304,241,79,28
Çorum,Boğazkale,126,126,153,175,117,80,114,126,133,98,137,136,197,160,101,88,79,13,8
Çorum,Dodurga,157,199,214,207,150,149,197,215,215,219,210,255,261,222,207,160,117,45,12
Çorum,İskilip,991,1087,1361,1335,1090,1027,1109,1156,1173,1110,1255,1315,1146,1047,940,613,534,215,53
Çorum,Kargı,294,337,389,419,343,392,418,353,432,427,601,760,750,751,607,413,371,168,49
Çorum,Laçin,118,108,179,226,174,128,126,141,160,152,180,189,225,147,152,121,80,33,8
Çorum,Mecitözü,421,494,609,620,392,414,488,536,518,541,578,569,584,556,475,363,244,124,41
Çorum,Oğuzlar,183,185,194,210,180,193,184,165,179,233,204,243,256,213,172,90,92,56,9
Çorum,Ortaköy,266,249,322,305,285,259,223,227,250,265,259,233,294,244,182,152,107,52,23
Çorum,Osmancık,1393,1517,1623,1668,1404,1347,1571,1382,1360,1291,1383,1425,1425,1105,889,741,491,257,98
Çorum,Sungurlu,1668,1868,2240,2370,1711,1590,1748,1669,1645,1482,1656,1547,1694,1365,1169,832,654,271,72
Çorum,Uğurludağ,243,243,336,344,282,228,209,206,247,191,239,245,266,206,178,130,99,36,4
Denizli,Acıpayam,1557,1685,2055,2104,1573,1570,1799,1861,1925,1931,1933,1572,1525,1446,1124,1000,794,350,105
Denizli,Babadağ,197,230,261,258,189,221,242,230,234,196,223,155,164,162,121,108,83,32,9
Denizli,Baklan,158,171,197,180,148,147,178,177,188,170,180,158,206,208,179,172,129,53,5
Denizli,Bekilli,172,159,184,341,273,188,204,225,229,258,300,260,301,245,288,212,204,75,27
Denizli,Beyağaç,186,208,246,246,225,209,244,221,227,249,279,240,201,147,118,104,98,40,5
Denizli,Bozkurt,345,321,335,375,356,441,545,512,545,527,495,421,362,356,258,211,177,56,19
Denizli,Buldan,745,836,929,1184,971,943,1046,1017,1020,1010,982,831,660,549,498,457,353,117,44
Denizli,Çal,470,540,561,621,441,511,545,612,646,724,730,602,743,776,644,629,457,182,42
Denizli,Çameli,447,514,748,683,442,459,539,570,640,728,705,689,537,552,457,349,267,145,24
Denizli,Çardak,266,299,299,277,280,313,336,291,281,288,338,303,266,208,193,139,131,61,10
Denizli,Çivril,1825,2063,2175,2262,1850,1886,1980,2035,2029,2048,2007,1970,1720,1423,1187,923,835,273,84
Denizli,Güney,270,305,332,330,261,266,327,355,362,435,438,351,317,333,239,273,203,68,21
Denizli,Honaz,1054,1134,1209,1396,1502,1091,1249,1094,1006,985,880,710,603,424,350,260,231,108,16
Denizli,Kale,670,780,837,941,776,678,729,740,747,719,659,499,497,444,340,290,209,90,24
Denizli,Merkezefendi,9688,10301,10073,9854,9038,11320,13011,11635,10126,9237,8099,6356,4440,3031,2108,1578,1264,507,137
Denizli,Pamukkale,10633,11319,11237,12827,14167,13280,14949,13395,11667,10286,8959,7111,5323,3899,2630,1921,1484,679,163
Denizli,Sarayköy,967,962,1043,948,922,1028,1165,1094,963,971,1010,916,780,567,444,415,320,131,41
Denizli,Serinhisar,474,473,597,545,481,476,506,491,492,450,486,397,382,375,292,253,224,92,30
Denizli,Tavas,1107,1326,1614,1630,1376,1257,1480,1573,1635,1606,1689,1606,1451,1386,1077,992,777,344,82
Diyarbakır,Bağlar,21819,19704,19111,17773,17391,16784,15644,12036,9569,7131,5527,4014,3456,2550,1821,1343,1095,475,209
Diyarbakır,Bismil,6776,7234,7074,6444,5046,4309,4237,3124,2662,2132,1584,1225,1160,894,688,514,419,216,81
Diyarbakır,Çermik,3005,3024,3041,2895,2227,1940,1729,1433,1096,928,872,666,717,497,386,281,218,94,42
Diyarbakır,Çınar,4878,4940,4856,4133,3242,2130,2274,1831,1392,1071,842,600,606,476,392,222,220,88,45
Diyarbakır,Çüngüş,580,629,708,721,522,444,439,324,344,297,313,224,242,209,217,147,109,52,15
Diyarbakır,Dicle,2280,2347,2573,2351,1884,1511,1234,984,935,697,617,551,553,479,353,333,235,112,48
Diyarbakır,Eğil,1229,1157,1424,1475,1181,920,721,609,487,429,389,338,310,265,207,160,119,57,20
Diyarbakır,Ergani,6926,6772,6869,6253,5372,4917,4749,3794,3045,2542,2004,1589,1395,1180,900,623,552,253,91
Diyarbakır,Hani,2080,2099,2004,1979,1462,1196,1014,744,714,536,427,354,419,300,248,212,160,64,46
Diyarbakır,Hazro,1091,1018,1102,926,795,652,541,425,366,344,228,202,225,198,106,126,106,24,26
Diyarbakır,Kayapınar,15653,14644,14407,13741,13222,13416,12981,9898,7755,5918,4849,3376,2643,1825,1092,750,615,283,122
Diyarbakır,Kocaköy,964,965,1064,974,813,658,578,441,333,285,240,189,170,141,126,75,74,23,18
Diyarbakır,Kulp,1968,2235,2161,2153,1739,1322,1450,943,763,698,537,507,476,464,316,221,190,82,45
Diyarbakır,Lice,1254,1245,1329,1419,1312,1025,908,723,589,504,476,342,322,337,282,227,152,71,28
Diyarbakır,Silvan,5135,5362,5629,5032,4127,3193,3207,2405,1914,1570,1174,885,860,675,543,408,350,223,88
Diyarbakır,Sur,7128,7052,7449,7294,7045,4864,4456,3567,3147,2492,1897,1385,1236,1028,807,599,525,202,101
Diyarbakır,Yenişehir,11419,11244,10662,10011,8897,9019,9373,7363,5981,4476,3517,2420,2035,1625,1260,950,704,285,120
Edirne,Merkez,4097,4123,4425,7107,8594,6225,6527,6411,5768,5990,5832,5302,3579,2562,1773,1687,1273,588,173
Edirne,Enez,259,258,280,304,265,263,307,313,338,374,445,456,355,319,231,213,159,50,19
Edirne,Havsa,342,465,421,742,610,473,568,633,660,832,937,915,675,521,444,439,330,146,41
Edirne,İpsala,740,788,744,900,801,892,934,903,987,1078,1145,1003,878,662,500,485,346,142,37
Edirne,Keşan,2262,2338,2380,2544,2661,2744,2968,2901,2856,2862,2957,2572,2137,1650,1287,1088,708,288,94
Edirne,Lalapaşa,151,161,164,191,178,167,179,210,238,269,291,297,231,192,148,160,142,59,10
Edirne,Meriç,231,304,315,304,324,302,354,332,459,624,725,647,640,446,438,414,313,107,24
Edirne,Süloğlu,196,179,165,136,204,203,240,182,197,196,282,277,250,166,138,136,116,56,12
Edirne,Uzunköprü,1448,1669,1789,2074,1802,1849,1960,2045,2186,2534,2681,2435,2100,1641,1266,1224,1028,398,114
Elazığ,Merkez,14520,15028,16285,17241,16364,16181,17092,15580,14813,12885,11465,9560,6896,5424,4143,3154,2491,1403,504
Elazığ,Ağın,66,57,78,90,64,68,70,82,95,59,84,93,105,110,129,79,95,54,18
Elazığ,Alacakaya,250,245,319,304,253,249,257,270,229,195,195,168,110,109,105,77,62,26,5
Elazığ,Arıcak,727,819,915,860,695,645,469,428,349,279,278,249,256,202,164,99,101,55,8
Elazığ,Baskil,552,583,699,791,604,597,593,588,580,566,537,489,461,402,355,214,158,80,40
Elazığ,Karakoçan,1095,1173,1193,1305,1205,1220,1137,947,1018,696,663,624,563,480,386,274,287,127,67
Elazığ,Keban,246,295,304,298,325,250,289,268,303,294,236,223,196,201,186,127,79,57,10
Elazığ,Kovancılar,1953,1968,1938,1979,1742,1854,1672,1380,1254,909,833,733,586,446,366,218,193,121,31
Elazığ,Maden,475,474,537,614,553,550,566,541,565,570,534,473,398,354,304,179,141,80,17
Elazığ,Palu,931,931,1092,1143,1056,1033,882,769,714,565,540,491,322,290,207,194,152,69,35
Elazığ,Sivrice,349,339,362,420,426,379,378,346,387,361,358,294,303,274,224,168,132,62,24
Erzincan,Merkez,5105,5044,5468,6625,7508,5896,5935,5201,4920,4349,3755,3256,2499,2134,1713,1146,1108,641,205
Erzincan,Çayırlı,329,376,441,435,315,321,324,292,298,300,268,238,236,207,135,97,109,56,10
Erzincan,İliç,264,230,253,217,224,259,274,198,181,142,164,210,169,189,212,154,138,72,19
Erzincan,Kemah,129,126,149,274,439,196,136,158,150,157,179,256,265,286,268,188,191,101,25
Erzincan,Kemaliye,106,93,110,122,198,154,145,107,113,113,116,137,145,196,184,147,131,87,25
Erzincan,Otlukbeli,93,82,127,104,89,98,71,65,80,68,75,61,63,52,39,23,28,9,1
Erzincan,Refahiye,242,247,302,360,389,311,242,219,215,241,344,399,408,407,427,234,206,107,19
Erzincan,Tercan,730,702,814,856,784,682,635,596,547,521,446,393,349,319,237,153,164,71,20
Erzincan,Üzümlü,366,349,436,548,534,361,356,344,381,358,350,341,301,251,215,150,155,77,23
Erzurum,Aşkale,1152,1125,1227,1112,939,947,939,766,745,580,535,506,458,397,317,182,182,67,19
Erzurum,Aziziye,2164,2141,2454,2371,2078,2117,2073,1734,1526,1361,1211,1076,797,712,559,312,299,102,29
Erzurum,Çat,893,983,1146,1042,837,757,646,466,537,389,364,314,319,269,158,98,84,44,9
Erzurum,Hınıs,1494,1552,1704,1532,1301,1121,983,776,736,639,602,533,453,347,263,172,123,67,29
Erzurum,Horasan,2329,2350,2697,2352,1815,1606,1422,1125,1031,802,775,638,581,491,362,203,205,82,47
Erzurum,İspir,406,464,534,620,559,507,501,405,511,417,483,553,432,538,514,312,341,150,47
Erzurum,Karaçoban,1501,1549,1840,1532,1085,877,768,618,573,372,337,338,288,236,174,117,93,39,21
Erzurum,Karayazı,1785,2049,2348,2102,1278,996,971,756,734,511,455,419,372,319,216,131,111,42,26
Erzurum,Köprüköy,1027,1056,1108,999,694,627,619,469,419,330,265,278,214,212,163,88,104,29,20
Erzurum,Narman,583,631,834,948,683,471,443,426,482,371,404,354,281,296,266,129,141,45,19
Erzurum,Oltu,1008,1080,1252,1352,1344,1179,1072,919,969,922,886,732,670,617,488,365,345,140,41
Erzurum,Olur,153,155,184,185,190,169,179,171,218,197,249,265,291,275,289,190,179,59,17
Erzurum,Palandöken,7424,6906,7232,7263,7208,7788,7462,5905,5178,4096,3647,3092,2297,1857,1266,816,679,290,102
Erzurum,Pasinler,1663,1645,1739,1609,1312,1151,1189,944,905,694,577,536,427,403,321,208,200,65,19
Erzurum,Pazaryolu,104,104,136,187,154,101,93,87,116,122,131,162,112,140,145,96,91,41,10
Erzurum,Şenkaya,727,883,954,895,612,577,623,620,595,591,630,460,457,571,448,325,309,95,29
Erzurum,Tekman,1571,1773,2107,1710,1216,1050,878,714,606,521,423,450,340,319,206,99,107,43,12
Erzurum,Tortum,510,550,680,720,695,594,513,470,587,547,638,621,525,536,477,327,289,156,36
Erzurum,Uzundere,224,265,271,330,276,295,220,214,221,253,260,320,260,235,227,136,134,59,11
Erzurum,Yakutiye,7521,7442,7946,9673,12475,8442,7386,6308,5693,4602,3805,3121,2236,1938,1532,958,896,355,107
Eskişehir,Alpu,328,377,386,412,349,339,375,373,374,462,469,377,358,327,313,202,154,53,5
Eskişehir,Beylikova,156,152,208,178,139,166,170,178,222,212,261,215,237,207,196,162,113,38,10
Eskişehir,Çifteler,460,523,562,561,487,468,472,509,568,584,554,463,405,379,331,247,168,69,12
Eskişehir,Günyüzü,149,159,246,236,162,138,167,162,205,244,228,241,221,221,203,154,112,48,13
Eskişehir,Han,29,33,42,53,71,49,34,49,72,72,82,93,105,101,104,59,52,9,6
Eskişehir,İnönü,185,197,192,215,196,195,217,212,237,245,259,252,238,217,188,149,126,58,18
Eskişehir,Mahmudiye,286,300,338,315,264,243,267,285,252,267,278,230,230,218,168,140,89,46,9
Eskişehir,Mihalgazi,76,62,103,92,90,83,92,98,117,131,132,134,140,117,111,107,60,29,4
Eskişehir,Mihalıcçık,196,222,254,246,215,245,251,244,283,323,375,342,318,366,350,278,215,82,14
Eskişehir,Odunpazarı,10519,11438,12118,14170,16172,14685,16004,15421,14951,13781,12960,10546,8123,6173,4497,3279,2353,1074,283
Eskişehir,Sarıcakaya,86,112,154,143,104,112,141,151,163,178,239,208,198,135,176,117,105,52,10
Eskişehir,Seyitgazi,360,404,413,400,356,412,467,477,449,513,619,490,494,438,453,337,246,72,11
Eskişehir,Sivrihisar,554,612,663,724,599,562,633,709,741,783,812,762,794,691,593,439,332,141,20
Eskişehir,Tepebaşı,8770,8871,8966,10567,15278,13090,12951,12178,11505,11188,10405,8399,6839,5345,4122,3099,2171,927,241
Gaziantep,Araban,1721,1656,1729,1563,1160,1184,1211,893,844,741,685,484,562,506,365,329,195,79,41
Gaziantep,İslahiye,3029,3235,3239,2917,2501,2337,2336,2106,2012,1778,1601,1429,1173,907,748,525,397,167,87
Gaziantep,Karkamış,523,461,482,510,400,395,347,326,282,267,233,209,251,212,174,116,84,44,22
Gaziantep,Nizip,7383,7323,7049,6955,5713,5191,4987,4380,3768,3185,2739,2116,2067,1736,1360,1009,706,389,194
Gaziantep,Nurdağı,2018,1881,1861,1816,1503,1368,1322,1171,1042,1002,852,738,610,504,367,233,169,109,40
Gaziantep,Oğuzeli,1536,1553,1484,1340,1116,1050,872,905,813,634,629,544,511,500,428,299,208,111,48
Gaziantep,Şahinbey,48276,46440,42114,37626,33063,35771,34441,28769,23543,18951,15779,11488,9320,6972,5127,3681,2444,1276,530
Gaziantep,Şehitkamil,41474,40389,36132,32643,28571,29163,28794,24105,19565,15404,12689,9488,7640,5737,4121,2934,1799,922,398
Gaziantep,Yavuzeli,1368,1191,1177,1032,858,790,671,523,498,480,402,364,360,274,240,181,153,51,27
Giresun,Merkez,3537,3592,4065,5083,5785,4560,4842,4690,4443,4325,4323,3781,2386,1925,1590,1496,1293,687,152
Giresun,Alucra,189,242,303,370,425,278,246,219,208,217,269,310,263,248,251,200,178,88,72
Giresun,Bulancak,1898,1995,2260,2710,2369,2096,2182,2159,2163,2153,1937,1833,1396,1150,1071,881,801,386,81
Giresun,Çamoluk,122,170,198,248,176,164,150,136,167,200,255,394,354,272,300,177,147,77,21
Giresun,Çanakçı,150,191,250,297,230,160,178,174,188,217,258,266,189,183,175,181,136,61,19
Giresun,Dereli,527,586,785,844,644,499,492,495,595,644,746,782,639,528,498,388,436,189,49
Giresun,Doğankent,237,248,263,255,237,257,233,178,201,200,227,201,168,152,125,121,84,46,11
Giresun,Espiye,1067,1123,1347,1379,1124,1023,1077,991,960,932,905,936,781,673,555,473,463,230,47
Giresun,Eynesil,269,361,435,616,485,338,375,391,452,435,555,531,383,348,302,306,281,151,42
Giresun,Görele,712,833,990,1083,1013,786,915,898,925,968,1004,1091,807,725,772,687,574,285,71
Giresun,Güce,255,292,332,395,270,208,228,217,229,239,258,314,207,195,204,160,124,59,14
Giresun,Keşap,400,422,579,588,556,570,529,528,593,686,768,835,691,651,540,532,541,238,49
Giresun,Piraziz,289,334,407,466,470,335,363,376,387,511,510,533,444,386,345,307,276,141,30
Giresun,Şebinkarahisar,582,611,823,1188,1460,711,646,589,665,572,624,722,623,565,435,363,343,175,43
Giresun,Tirebolu,745,953,1088,1262,1073,850,933,875,992,1057,1025,1024,764,691,696,601,537,260,52
Giresun,Yağlıdere,445,505,660,717,494,454,497,449,514,506,497,574,527,439,402,303,280,153,32
Gümüşhane,Merkez,1490,1477,1413,2828,3573,1917,1611,1320,1287,1280,1168,1033,743,637,621,448,435,267,78
Gümüşhane,Kelkit,1393,1481,1761,2051,1777,1546,1452,1317,1276,1201,1112,980,816,735,607,403,406,245,101
Gümüşhane,Köse,232,234,280,372,304,232,197,218,245,237,202,210,158,176,130,123,96,48,12
Gümüşhane,Kürtün,411,474,551,588,443,454,447,387,408,384,388,402,323,258,223,207,188,78,26
Gümüşhane,Şiran,476,554,644,834,694,518,505,528,590,503,496,537,459,439,430,330,328,163,52
Gümüşhane,Torul,371,335,427,453,473,425,357,361,369,383,358,408,281,267,236,205,186,120,32
Hakkari,Merkez,3921,4181,4511,4421,4198,3760,3337,2353,1776,1258,1085,995,779,481,330,226,200,132,56
Hakkari,Çukurca,590,685,747,617,505,364,409,236,189,189,144,124,97,75,61,46,29,20,10
Hakkari,Şemdinli,3394,4382,4031,3376,2800,1987,2219,1422,826,801,705,440,368,224,154,201,185,103,50
Hakkari,Yüksekova,6069,6465,7079,7037,5953,5037,5160,3274,2266,2003,1625,1255,946,683,433,306,244,174,72
Hatay,Altınözü,3481,3524,3532,2967,2131,1977,1953,1596,1799,1467,1244,1128,930,820,487,657,475,178,84
Hatay,Antakya,17257,17340,16247,15500,13749,14087,14178,12823,11493,9990,8625,6269,4633,3398,2057,2012,1433,592,299
Hatay,Arsuz,3556,3409,3275,3098,2645,3058,3338,3226,3055,2656,2286,1993,1447,1001,644,556,357,152,47
Hatay,Belen,1273,1279,1195,1155,1016,1200,1229,1050,950,926,972,832,660,472,274,222,157,61,36
Hatay,Defne,5714,5771,5794,5348,4451,5261,6181,5899,5550,4883,4099,3093,2079,1416,882,933,793,282,185
Hatay,Dörtyol,5481,5643,5367,5156,4258,4542,4795,4208,3743,3222,2991,2427,1777,1268,846,589,438,243,86
Hatay,Erzin,1883,1792,1957,1993,1549,1558,1563,1372,1351,1152,1104,969,762,517,387,278,230,125,50
Hatay,Hassa,2547,2797,2963,2522,1804,1756,1888,1628,1745,1559,1302,1113,851,751,396,415,268,142,51
Hatay,İskenderun,9710,10074,10240,9672,8531,9746,10756,9951,8526,7906,6902,5793,4094,2851,1879,1563,1115,487,180
Hatay,Kırıkhan,5040,5389,5289,4729,3963,3847,3972,3522,3425,3187,2706,2211,1721,1367,933,836,545,239,124
Hatay,Kumlu,709,704,693,547,462,473,496,438,412,368,296,283,229,145,107,117,78,23,14
Hatay,Payas,1897,1951,1759,1710,1459,1588,1638,1449,1346,1072,966,802,597,394,240,185,103,62,25
Hatay,Reyhanlı,5213,5556,5127,4438,3274,3250,3245,2827,2545,2176,1817,1565,1144,821,541,579,319,91,49
Hatay,Samandağ,5573,5861,5888,5154,3824,4451,4984,4500,4293,3614,3152,2493,1734,1298,811,957,754,281,145
Hatay,Yayladağı,1119,1286,1211,1238,966,886,873,856,879,746,715,629,540,469,368,436,283,94,68
Isparta,Merkez,7390,7875,7944,9620,10173,8754,9455,9026,8295,7339,6973,5842,4294,2913,2125,1546,1384,598,123
Isparta,Aksu,100,101,138,185,199,109,107,107,152,147,161,163,209,178,169,110,116,40,15
Isparta,Atabey,129,159,153,245,220,146,163,168,198,182,218,181,172,94,112,102,112,59,11
Isparta,Eğirdir,1002,1069,1103,1246,1106,997,1199,1154,1244,1128,1087,1030,835,654,539,406,454,207,44
Isparta,Gelendost,498,489,462,555,522,481,499,469,557,583,624,641,528,430,287,290,294,130,28
Isparta,Gönen,187,204,235,411,442,227,231,211,230,252,293,278,261,181,179,119,145,64,9
Isparta,Keçiborlu,315,368,396,353,384,413,458,436,440,500,634,600,574,390,372,297,277,106,24
Isparta,Senirkent,368,386,427,491,464,310,409,373,358,369,427,429,402,377,293,294,266,103,16
Isparta,Sütçüler,237,248,343,425,373,263,273,289,296,309,383,433,418,427,428,263,292,81,26
Isparta,Şarkikaraağaç,726,763,829,906,1130,840,802,839,948,922,1037,952,797,713,534,403,361,143,32
Isparta,Uluborlu,176,171,169,326,438,200,184,185,189,178,204,199,203,169,142,136,123,67,17
Isparta,Yalvaç,1479,1692,1818,2193,1778,1633,1734,1619,1644,1564,1647,1553,1320,1217,899,755,675,291,68
Isparta,Yenişarbademli,33,39,45,66,73,52,49,43,73,88,96,132,106,84,62,46,47,21,6
Mersin,Akdeniz,12905,12749,12975,13031,12212,11159,10929,9408,8906,7774,6963,5590,4309,3318,2373,1825,1286,547,208
Mersin,Anamur,1947,2083,2342,2237,1794,1946,2253,2509,2599,2479,2119,1702,1325,1212,971,672,564,255,73
Mersin,Aydıncık,349,421,433,415,312,321,430,474,492,397,344,306,238,205,202,121,127,46,16
Mersin,Bozyazı,938,1115,1061,882,682,836,1074,1139,1089,970,803,690,526,479,382,233,224,76,21
Mersin,Çamlıyayla,234,270,272,301,253,229,247,240,281,318,320,302,271,240,204,151,108,53,18
Mersin,Erdemli,4881,5297,5645,5319,4306,4442,5104,5178,4987,4628,4127,3230,2357,1952,1304,1107,761,321,117
Mersin,Gülnar,790,871,994,1016,807,713,738,842,960,908,820,771,669,689,655,417,332,185,53
Mersin,Mezitli,5381,5543,5515,5751,5387,6563,7515,7102,6532,5911,5746,4845,3497,2289,1339,843,574,311,96
Mersin,Mut,2178,2412,2638,2521,1949,2119,2193,2204,2351,2241,1894,1521,1372,1203,909,743,564,307,60
Mersin,Silifke,3577,3923,4125,4318,3381,3710,4258,4389,4788,4546,3862,3305,2461,2082,1444,1299,890,429,124
Mersin,Tarsus,13524,13301,13862,13740,11977,12320,12681,11930,11019,10322,9538,7891,6191,4518,3285,2399,1779,814,280
Mersin,Toroslar,11835,12081,12326,12119,10740,11373,11933,10727,9831,8626,7317,6036,4507,3362,2446,1517,1213,544,175
Mersin,Yenişehir,7510,8029,8247,9609,9695,9244,10398,10016,9177,8288,7204,5953,4414,3160,2135,1413,942,482,178
İstanbul,Adalar,319,324,296,348,414,498,568,496,556,548,582,657,463,439,329,219,169,87,46
İstanbul,Arnavutköy,10878,10778,10438,9239,9266,10107,10095,7675,6295,5225,4352,3349,2320,1516,1140,735,543,220,66
İstanbul,Ataşehir,14270,14235,13661,15214,16927,19149,21350,19129,16920,13622,11219,9135,6687,4665,3165,2131,1724,914,325
İstanbul,Avcılar,15818,14724,14294,14954,17170,20221,21035,17457,15167,12945,11333,9182,6559,4418,2824,2029,1342,650,214
İstanbul,Bağcılar,33640,33627,33228,32431,32402,36380,37311,31120,26377,20768,16253,12334,8689,5623,3570,2208,1746,783,265
İstanbul,Bahçelievler,22000,21502,21356,22443,24439,29428,30657,26083,23067,19559,17033,13556,9867,6800,4753,3351,2446,1144,366
İstanbul,Bakırköy,4728,5317,5205,6121,7249,9212,10547,9980,9488,8987,8603,7859,6276,5150,3854,3226,2603,1511,532
İstanbul,Başakşehir,16049,16598,15522,13780,12625,15430,17849,15871,12609,9145,6708,4601,3179,2077,1332,912,661,337,103
İstanbul,Bayrampaşa,8952,9287,9650,10073,10407,11832,12709,11846,10767,9390,7875,6498,4599,3350,2573,1872,1397,595,164
İstanbul,Beşiktaş,3751,3670,3582,4529,6896,9084,10044,9017,8153,7291,6660,6100,5054,4468,3673,2887,2515,1562,645
İstanbul,Beykoz,7894,8299,8494,9333,9611,10534,11473,10907,10015,8836,7880,6193,4345,3123,2395,1775,1441,673,225
İstanbul,Beylikdüzü,9289,9357,8739,8449,8297,11321,13697,12483,10429,8362,6948,5715,4174,2808,1765,1266,918,458,165
İstanbul,Beyoğlu,8125,7901,8387,9097,9625,11001,11726,10214,9565,8146,7012,5388,3868,2813,2350,1656,1370,667,246
İstanbul,Büyükçekmece,7607,7924,7624,7553,7691,9315,10371,9658,8373,7013,6135,4975,3881,2777,1901,1231,946,401,124
İstanbul,Çatalca,1917,2057,2234,2315,2227,2471,2658,2440,2364,2412,2247,1937,1504,1181,906,700,519,246,60
İstanbul,Çekmeköy,9195,8940,8087,7787,8012,10153,11467,9715,7914,5998,4747,3616,2450,1558,1086,670,552,282,76
İstanbul,Esenler,19689,20205,20516,20664,19804,21169,21801,18835,16445,12984,10135,7437,5176,3319,2267,1507,1098,465,174
İstanbul,Esenyurt,32569,28923,25349,23557,28114,34840,34130,24862,19870,14978,12066,8898,5882,3769,2404,1558,1291,523,170
İstanbul,Eyüp,13112,12846,12823,13105,13282,16559,18403,16675,14783,11990,10128,8049,5754,4056,2838,2083,1715,718,246
İstanbul,Fatih,12393,12653,12905,15747,18996,17946,18185,16588,15620,14288,13122,11441,9273,7396,5936,4768,3877,1979,648
İstanbul,Gaziosmanpaşa,19688,19855,19720,19798,19989,23004,24131,20758,18168,15397,13067,10355,7318,4973,3381,2555,1849,921,271
İstanbul,Güngören,11038,10572,10605,11851,13149,14303,14600,12820,11621,10281,8992,7168,5397,3778,2719,1933,1465,659,201
İstanbul,Kadıköy,9808,10244,9776,12444,16069,20601,24028,22961,20881,19740,19967,19497,17041,15306,11729,9696,8106,5354,2036
İstanbul,Kağıthane,15413,15576,15886,16464,17859,20439,21627,19486,17520,14451,10983,8010,5539,3930,3116,2203,1690,766,220
İstanbul,Kartal,15169,14855,15137,15358,16033,20572,22786,20656,18602,15972,13573,10944,8178,5731,4148,2872,2299,1178,409
İstanbul,Küçükçekmece,29443,28624,28516,28257,30413,35704,38279,33280,28602,22944,18643,14213,10835,7299,4977,3558,2572,1105,359
İstanbul,Maltepe,14891,13646,13903,14857,16796,21664,23983,21760,19419,16524,14950,12939,9853,7318,5341,3769,3069,1704,553
İstanbul,Pendik,27264,26311,25341,23841,24972,31555,34347,28423,23815,19233,15779,12150,8410,5899,4130,2769,2178,1030,321
İstanbul,Sancaktepe,14867,13834,13252,12152,13024,15487,15946,12748,10153,8007,6192,4314,2958,1931,1322,871,747,314,107
İstanbul,Sarıyer,10045,10357,10491,12899,14959,14377,16252,15589,14247,12157,10204,8361,6271,4557,3194,2197,1608,930,329
İstanbul,Silivri,5259,5029,5023,5023,5378,6176,6542,5847,5304,4661,4166,3579,2758,2152,1466,1098,852,376,129
İstanbul,Sultanbeyli,16247,15680,15330,14602,14497,14764,14178,10699,9282,7484,5899,4085,2489,1696,1268,750,654,316,101
İstanbul,Sultangazi,24373,24361,23367,21441,21285,24291,25143,20757,16704,12701,10068,7779,5423,3390,2128,1353,991,479,142
İstanbul,Şile,798,778,842,1166,1216,986,1019,968,1017,951,1030,1060,999,819,686,482,361,200,52
İstanbul,Şişli,6540,6960,6842,8120,10845,14041,14669,12788,11332,9828,8597,7458,5907,4659,3649,2970,2635,1770,727
İstanbul,Tuzla,8468,8410,8047,8079,8622,9668,10605,9132,7864,6274,4740,3664,2505,1761,1204,778,664,347,108
İstanbul,Ümraniye,27426,25604,24732,23954,25113,32451,36304,30783,26001,20494,16714,12798,8438,5745,3904,2495,2009,936,351
İstanbul,Üsküdar,15731,16173,16746,18782,20886,23776,26101,24327,22273,19318,16920,14271,10949,8043,6002,4524,3730,2021,698
İstanbul,Zeytinburnu,11392,11010,11102,11933,12528,13707,13743,11868,10831,9241,7905,6246,4489,2922,2026,1529,1242,662,218
İzmir,Aliağa,2871,2626,2484,2583,2833,3666,3604,3010,2809,2681,2327,1684,1283,930,642,509,354,186,56
İzmir,Balçova,1721,1728,1771,2502,2941,2960,3213,3186,3191,3030,2881,2756,2254,1952,1379,1021,674,402,111
İzmir,Bayındır,1222,1276,1270,1344,1275,1242,1289,1368,1284,1330,1468,1382,1239,994,808,716,655,282,88
İzmir,Bayraklı,10649,10659,10160,10828,11467,13384,15340,14134,12465,10622,9416,8095,6493,4619,2866,1993,1500,694,209
İzmir,Bergama,2690,2889,3080,3291,3060,3252,3801,3733,3825,3690,3710,3238,2815,2369,1846,1502,1075,523,161
İzmir,Beydağ,311,340,395,387,322,386,470,405,428,458,495,421,363,304,255,218,207,99,21
İzmir,Bornova,13471,13601,13438,16613,19514,18249,19202,18055,16543,14891,12958,10999,8484,6056,4276,3219,2243,1122,333
İzmir,Buca,15112,15058,14560,17293,20184,19546,21133,19227,17217,15856,14207,11791,8797,5925,4118,3136,2274,1122,339
İzmir,Çeşme,1040,1014,1030,1089,1211,1336,1526,1443,1367,1295,1220,1113,854,780,468,408,268,135,45
İzmir,Çiğli,5521,5343,5315,5656,6254,7671,8771,7860,6976,6408,5738,4953,3678,2431,1516,1074,799,456,152
İzmir,Dikili,885,913,1046,1059,1020,1118,1264,1291,1269,1302,1385,1401,1268,1036,702,502,385,187,57
İzmir,Foça,699,622,624,654,607,771,934,898,816,776,855,858,725,573,386,312,227,112,42
İzmir,Gaziemir,4411,4494,4360,4388,4674,5506,6537,6215,5319,4521,3986,3112,2172,1447,982,721,487,209,71
İzmir,Güzelbahçe,621,662,781,773,768,858,964,1089,1154,1209,1025,882,719,557,380,252,202,108,56
İzmir,Karabağlar,15853,15667,15454,16618,17448,19829,21463,19661,18426,16245,15042,13157,10637,7937,5610,4232,3067,1504,460
İzmir,Karaburun,166,169,205,211,198,222,259,284,264,263,352,416,383,313,224,196,132,111,35
İzmir,Karşıyaka,7663,7803,8121,8759,9760,12552,15056,14630,13640,12751,12873,11859,10139,7922,5633,4390,3437,1896,633
İzmir,Kemalpaşa,3686,3706,3652,3522,3515,4052,4317,3780,3472,3074,2817,2265,1749,1354,1062,830,639,347,88
İzmir,Kınık,1039,1021,1055,1051,925,932,994,1026,939,844,850,814,747,575,421,366,266,104,41
İzmir,Kiraz,1371,1486,1729,1553,1366,1548,1595,1607,1493,1476,1383,1256,1066,889,766,551,460,209,51
İzmir,Konak,10767,11047,11141,12860,13719,14314,15350,14954,14675,13663,13367,12316,10300,8580,6876,5872,4526,2417,731
İzmir,Menderes,2561,2465,2545,2625,2691,2965,3172,2888,2823,2798,2595,2359,1929,1365,1009,726,519,216,63
İzmir,Menemen,5809,5593,5538,5353,5508,6047,6573,5728,5172,4410,3956,3357,2295,1714,1298,1060,745,347,105
İzmir,Narlıdere,1622,1664,1718,1830,2080,2354,2777,2776,2742,2491,2260,1900,1652,1260,949,659,596,345,142
İzmir,Ödemiş,3592,3747,3876,4063,3724,4170,4968,4802,4654,4511,5073,4416,3603,2950,2493,2090,1726,924,215
İzmir,Seferihisar,925,954,1030,1082,1052,1098,1272,1166,1215,1142,1075,1030,935,714,459,344,240,164,46
İzmir,Selçuk,1038,1032,1123,1199,1136,1208,1397,1348,1354,1322,1235,1110,886,629,525,390,344,145,37
İzmir,Tire,2263,2346,2645,2694,2510,2770,3065,3125,2793,2738,2828,2693,2218,1810,1381,1284,986,527,120
İzmir,Torbalı,5732,5650,5602,5593,5530,5989,6398,5687,5051,4272,4081,3413,2736,1884,1433,1096,856,413,120
İzmir,Urla,1368,1450,1553,1840,1926,1766,2011,2120,2122,2161,2097,1844,1664,1315,935,684,513,305,100
Kars,Merkez,5003,4808,4867,5372,5495,4766,4614,3650,3103,2648,2330,1858,1477,1309,908,663,589,211,88
Kars,Akyaka,499,473,567,497,377,386,451,336,283,277,273,238,178,185,129,103,76,42,12
Kars,Arpaçay,792,847,827,861,636,614,614,525,621,522,492,436,377,390,317,234,203,95,34
Kars,Digor,1493,1467,1538,1397,1066,935,838,605,611,481,430,407,318,307,241,104,112,23,10
Kars,Kağızman,2610,2758,2726,2485,2111,1720,1693,1323,1125,937,836,803,583,649,398,295,261,75,34
Kars,Sarıkamış,2536,2489,2410,2385,1859,1780,1707,1268,1141,967,932,751,605,625,414,266,261,103,37
Kars,Selim,1383,1256,1286,1237,989,913,873,717,670,596,523,492,415,437,283,210,172,79,27
Kars,Susuz,495,544,540,553,426,411,356,325,332,322,319,255,232,223,166,108,109,42,14
Kastamonu,Merkez,4097,4219,4368,5157,5683,5293,5745,5112,4513,4030,3960,3567,2871,2286,1906,1236,1227,500,139
Kastamonu,Abana,67,78,89,74,95,128,115,96,105,135,183,182,174,138,112,104,53,35,8
Kastamonu,Ağlı,59,78,94,74,90,71,76,91,77,77,113,109,106,107,112,74,68,23,7
Kastamonu,Araç,507,495,550,586,529,520,491,495,516,606,654,742,734,611,668,436,395,166,41
Kastamonu,Azdavay,138,164,188,160,185,197,196,161,189,229,302,314,314,307,288,167,167,56,15
Kastamonu,Bozkurt,206,208,226,248,221,269,270,275,253,261,375,405,392,301,299,200,169,69,22
Kastamonu,Cide,478,476,608,585,525,543,507,472,500,552,685,829,791,718,705,491,481,185,33
Kastamonu,Çatalzeytin,127,134,146,223,212,156,155,169,151,191,262,303,316,278,276,181,154,91,24
Kastamonu,Daday,235,259,268,306,257,286,278,286,324,373,355,380,314,304,323,200,225,67,13
Kastamonu,Devrekani,339,389,440,410,431,403,412,352,394,395,456,473,414,382,357,239,230,113,29
Kastamonu,Doğanyurt,166,228,317,364,274,188,194,191,201,162,251,198,210,156,133,95,66,33,7
Kastamonu,Hanönü,101,108,90,116,120,110,107,97,93,106,146,165,157,139,157,113,97,36,6
Kastamonu,İhsangazi,135,149,175,228,202,180,189,151,174,189,202,219,238,189,142,80,83,34,10
Kastamonu,İnebolu,705,770,831,848,837,812,757,643,627,638,696,683,613,544,477,365,313,132,22
Kastamonu,Küre,211,226,231,241,229,228,238,172,181,209,196,189,199,203,177,93,81,31,6
Kastamonu,Pınarbaşı,87,104,95,109,135,152,134,116,134,205,295,333,330,271,266,148,146,50,2
Kastamonu,Seydiler,90,98,136,141,143,119,136,114,146,121,112,143,140,124,106,63,83,30,12
Kastamonu,Şenpazar,122,141,171,184,164,148,136,105,120,105,180,195,188,176,145,104,84,36,9
Kastamonu,Taşköprü,944,1179,1286,1300,1155,1267,1415,1266,1221,1190,1457,1542,1247,1115,1055,653,643,293,62
Kastamonu,Tosya,1054,1180,1223,1228,1156,1293,1359,1308,1246,1294,1417,1463,1477,1210,1120,724,696,327,79
Kayseri,Akkışla,160,169,230,297,197,154,147,191,229,218,246,251,226,186,187,120,86,30,13
Kayseri,Bünyan,1114,1116,1264,1245,935,848,889,940,953,860,839,798,676,700,606,402,300,137,32
Kayseri,Develi,2330,2837,2899,2923,2147,2153,2293,2025,2016,1874,1670,1526,1317,1168,939,716,550,269,71
Kayseri,Felahiye,181,173,183,222,241,217,188,181,192,239,267,257,244,205,186,122,99,53,14
Kayseri,Hacılar,446,501,550,540,389,421,436,456,428,369,345,285,254,247,176,142,104,55,23
Kayseri,İncesu,1065,1045,1036,924,832,818,899,794,695,627,631,528,483,466,381,296,230,109,35
Kayseri,Kocasinan,15305,16395,15854,15519,14148,15477,16205,14624,12842,11532,10094,8351,6665,5278,3903,2792,2159,905,307
Kayseri,Melikgazi,22656,23981,22374,22555,22059,22672,23580,20394,18245,15464,13197,10189,7344,5705,3683,2680,1942,869,274
Kayseri,Özvatan,100,120,135,154,141,145,126,126,149,165,169,143,135,144,108,113,90,37,17
Kayseri,Pınarbaşı,1023,1046,1072,979,798,825,872,788,759,704,739,701,690,612,534,374,349,122,21
Kayseri,Sarıoğlan,514,460,487,547,486,416,449,367,429,510,502,488,439,451,372,214,222,93,30
Kayseri,Sarız,304,326,389,394,311,282,277,244,301,286,319,310,355,344,304,216,192,60,26
Kayseri,Talas,5074,5043,4697,5020,4951,5600,5896,4912,4143,3470,3035,2354,1766,1271,907,545,455,178,59
Kayseri,Tomarza,996,1022,1072,1086,819,801,738,713,732,681,677,640,575,567,453,363,242,95,33
Kayseri,Yahyalı,1370,1481,1658,1762,1341,1124,1134,1125,1139,1030,1090,940,778,687,575,410,349,142,43
Kayseri,Yeşilhisar,472,559,586,666,453,475,461,452,580,528,541,482,404,501,373,276,215,90,33
Kırklareli,Merkez,2095,2197,2574,3785,3869,2961,3225,3152,2963,3054,3054,3019,2198,1709,1293,1247,942,418,112
Kırklareli,Babaeski,1038,1173,1300,1488,1501,1467,1699,1722,1708,1829,1935,1988,1561,1126,933,830,604,306,77
Kırklareli,Demirköy,219,225,241,278,260,259,267,230,274,287,263,286,240,179,167,132,89,43,13
Kırklareli,Kofçaz,42,53,54,52,67,48,53,57,55,90,96,122,104,107,99,72,66,30,6
Kırklareli,Lüleburgaz,3848,4054,4334,4547,4433,5220,6179,6028,5438,5019,5001,4099,3099,2214,1670,1477,1070,511,163
Kırklareli,Pehlivanköy,55,76,92,104,88,82,102,91,118,154,173,200,141,150,125,128,113,50,14
Kırklareli,Pınarhisar,363,393,422,573,472,486,593,563,605,672,696,707,577,492,450,450,362,163,40
Kırklareli,Vize,582,694,804,851,796,855,893,881,931,1019,1025,1130,795,713,618,516,401,172,51
Kırşehir,Merkez,4329,4639,4948,5863,6152,5050,4997,4874,4686,4609,4064,3390,2479,1963,1490,1120,811,358,110
Kırşehir,Akçakent,124,121,156,190,100,109,76,149,105,99,161,180,174,176,171,99,69,31,7
Kırşehir,Akpınar,229,240,306,270,232,194,222,222,231,276,312,343,296,240,200,134,106,59,9
Kırşehir,Boztepe,137,140,189,201,170,129,149,153,210,224,206,196,165,200,128,97,63,25,9
Kırşehir,Çiçekdağı,409,499,618,621,457,435,433,491,462,531,555,541,498,457,354,219,170,101,33
Kırşehir,Kaman,1050,1242,1529,1692,1325,1189,1225,1315,1284,1324,1305,1239,1019,883,765,563,441,204,82
Kırşehir,Mucur,571,654,736,691,636,532,606,580,664,650,658,590,519,403,324,261,181,85,21
Kocaeli,Başiskele,3186,3037,2928,2805,2875,3301,3698,3210,2712,2365,2029,1733,1185,865,624,404,306,163,47
Kocaeli,Çayırova,4847,4596,4277,3872,4225,5320,5522,4379,3626,2890,2228,1668,1058,746,505,345,314,125,47
Kocaeli,Darıca,7280,7183,6640,6305,6643,7989,8302,6789,5745,4634,3918,3058,2227,1549,1055,688,592,264,77
Kocaeli,Derince,4678,4568,4731,4582,4830,5661,6471,5527,4790,4378,3971,3517,2528,1735,1141,803,658,277,98
Kocaeli,Dilovası,2390,2374,2398,2142,2140,1926,1903,1451,1302,1046,852,685,533,364,257,173,132,51,22
Kocaeli,Gebze,14028,13822,13143,12291,13447,16171,16823,13880,11724,9731,8198,6313,4298,2885,1896,1349,988,460,162
Kocaeli,Gölcük,5219,5308,5066,4905,4769,6192,7239,5844,5145,4645,4506,3844,2825,1972,1459,999,808,394,102
Kocaeli,İzmit,11029,11373,11784,12879,14576,14035,15461,14216,12609,11105,9698,8308,6363,4725,3487,2375,1893,819,228
Kocaeli,Kandıra,1324,1278,1530,1928,1788,1542,1480,1327,1542,1531,1665,1416,1266,1055,954,740,582,223,36
Kocaeli,Karamürsel,1616,1639,1859,1938,1797,1868,2159,2085,1948,1786,1862,1668,1257,1060,796,584,462,211,58
Kocaeli,Kartepe,4060,4076,3855,3894,3702,4366,4872,4135,3682,3137,2668,2337,1676,1253,902,592,465,227,69
Kocaeli,Körfez,5875,5874,5750,5305,5472,6369,6784,5640,4994,4287,3776,3338,2523,1802,1237,879,686,319,100
Konya,Ahırlı,140,156,204,211,145,107,105,130,131,147,151,157,135,154,123,115,110,43,6
Konya,Akören,182,235,272,411,399,177,177,195,183,178,178,187,157,133,125,124,107,45,15
Konya,Akşehir,2911,3205,3429,3702,3099,2934,3210,3315,3451,3340,3498,3019,2574,2148,1505,1158,847,378,91
Konya,Altınekin,653,637,648,612,517,534,535,473,463,425,363,368,334,234,162,140,93,42,8
Konya,Beyşehir,2412,2610,2732,2915,2717,2388,2572,2318,2327,2189,2122,1988,1630,1354,1167,864,651,310,75
Konya,Bozkır,894,1002,1165,1224,873,815,794,836,833,831,860,753,687,822,664,603,509,208,64
Konya,Cihanbeyli,2204,2407,2537,2397,2109,2254,2222,1923,1840,1794,1624,1375,1181,954,657,442,329,141,47
Konya,Çeltik,360,446,491,459,307,283,347,356,371,389,312,228,271,221,150,91,75,37,12
Konya,Çumra,2754,2977,3033,2966,2255,2292,2216,2159,2118,1971,1716,1606,1344,946,770,689,508,205,48
Konya,Derbent,135,157,206,174,113,111,124,156,167,146,139,187,160,153,130,76,64,35,9
Konya,Derebucak,144,190,224,209,219,192,195,206,230,327,259,247,273,256,225,169,148,57,13
Konya,Doğanhisar,389,483,551,675,461,365,398,484,558,585,741,744,748,760,640,391,317,164,33
Konya,Emirgazi,447,490,531,429,328,305,309,302,332,246,176,159,198,180,150,96,40,13,1
Konya,Ereğli,4983,5432,6070,6169,4534,4738,5176,5000,5132,4716,4117,3664,2929,2290,1700,1270,825,401,133
Konya,Güneysınır,364,379,424,497,339,283,294,273,307,303,297,298,232,207,185,131,103,43,9
Konya,Hadim,419,480,568,578,544,394,397,353,397,343,400,321,327,378,316,300,209,86,28
Konya,Halkapınar,127,162,216,203,86,118,137,147,166,173,159,167,161,120,93,73,45,27,5
Konya,Hüyük,386,483,489,562,406,414,442,462,494,560,615,671,621,587,523,359,294,163,39
Konya,Ilgın,1816,2072,2364,2201,1786,1721,1788,1870,1959,1976,1951,1662,1455,1298,1034,725,572,274,52
Konya,Kadınhanı,1364,1399,1547,1622,1276,1025,1021,1008,1067,1091,980,764,733,609,438,307,248,108,29
Konya,Karapınar,2199,2350,2311,2265,1585,1673,1715,1614,1599,1501,1209,1095,890,730,565,430,229,105,27
Konya,Karatay,13834,14010,13372,13113,11735,12217,12042,10055,9126,7632,6648,5356,4242,3218,2249,1598,1244,544,149
Konya,Kulu,1697,1989,2302,2430,1926,1947,1897,1744,1625,1579,1551,1378,1163,835,604,499,342,168,52
Konya,Meram,13976,14851,14726,15333,14364,13666,13518,12011,11169,9672,8687,7169,5809,4558,3216,2363,1816,800,213
Konya,Sarayönü,1046,1110,1191,1184,993,929,912,767,898,876,839,689,720,574,412,242,215,113,24
Konya,Selçuklu,23855,24033,23189,27184,29333,25244,25189,21728,19414,16974,14591,11557,8468,5896,3917,2564,1939,984,227
Konya,Seydişehir,2055,2347,2520,2446,1911,2088,2344,2367,2094,2048,2157,2054,1781,1314,1003,595,530,250,35
Konya,Taşkent,240,269,289,315,256,183,196,174,200,175,174,199,208,214,158,155,110,61,26
Konya,Tuzlukçu,200,204,263,283,212,166,204,201,253,244,276,230,221,207,176,154,106,45,7
Konya,Yalıhüyük,31,42,51,67,52,43,40,36,52,69,80,96,63,68,52,50,31,11,1
Konya,Yunak,916,1051,1202,1193,861,791,808,734,802,824,724,686,680,534,417,246,166,47,16
Kütahya,Merkez,7552,7997,8319,10433,14149,10201,10159,9899,9002,7774,7522,5848,4928,3752,2813,2056,1432,536,121
Kütahya,Altıntaş,526,557,632,675,595,578,601,525,576,561,646,559,552,443,352,265,235,70,21
Kütahya,Aslanapa,268,281,361,353,272,319,370,320,358,354,381,381,379,328,234,193,143,41,9
Kütahya,Çavdarhisar,162,168,234,224,183,206,216,249,249,270,283,323,310,289,223,220,158,71,13
Kütahya,Domaniç,342,413,446,563,479,476,519,449,523,656,740,585,503,393,423,246,179,72,20
Kütahya,Dumlupınar,54,69,76,93,79,86,78,77,96,97,114,113,111,95,124,80,70,16,6
Kütahya,Emet,565,600,711,912,734,742,761,801,742,687,783,742,716,621,511,431,296,119,24
Kütahya,Gediz,1408,1583,1592,1986,1960,1810,1746,1812,1782,1788,1958,1687,1355,1112,953,675,550,175,37
Kütahya,Hisarcık,378,395,448,619,712,393,475,489,487,473,497,426,383,346,244,173,136,62,10
Kütahya,Pazarlar,132,136,165,213,186,110,151,165,185,191,247,228,206,169,149,90,102,30,13
Kütahya,Simav,1639,1721,1996,2308,2162,1764,2079,2156,2310,2359,2633,2506,2188,1811,1525,1108,937,417,100
Kütahya,Şaphane,120,130,194,357,460,218,167,206,237,240,287,281,273,208,199,137,111,30,9
Kütahya,Tavşanlı,3140,3263,3175,3368,3539,3988,4283,3832,3632,3774,3843,3139,2411,1767,1522,1114,813,326,73
Malatya,Akçadağ,987,1094,1258,1311,1041,1045,967,994,1020,953,907,854,821,753,660,458,309,173,87
Malatya,Arapgir,276,299,340,375,358,312,355,286,359,299,299,311,303,368,345,300,205,110,45
Malatya,Arguvan,171,211,248,252,223,244,203,230,293,270,284,303,326,332,300,249,179,103,48
Malatya,Battalgazi,11299,12439,12819,14151,14877,12003,12468,11148,10248,8913,7800,6266,4930,3802,2921,2077,1421,766,354
Malatya,Darende,1118,1143,1364,1272,1059,1054,993,928,910,776,698,695,699,651,479,357,260,122,67
Malatya,Doğanşehir,1603,1592,1614,1690,1402,1429,1469,1375,1343,1194,1049,876,922,810,677,489,343,234,109
Malatya,Doğanyol,142,197,197,176,169,185,196,124,126,109,141,104,113,107,108,86,54,41,12
Malatya,Hekimhan,583,571,660,767,659,653,629,663,685,766,744,657,735,643,617,503,345,165,69
Malatya,Kale,140,180,197,213,204,212,185,187,200,166,191,194,204,188,176,140,112,37,23
Malatya,Kuluncak,292,291,359,389,288,264,263,255,266,265,282,278,238,245,212,143,106,62,16
Malatya,Pütürge,641,686,753,823,696,643,553,418,431,406,395,484,552,551,462,346,259,160,83
Malatya,Yazıhan,574,541,647,665,561,565,542,514,524,440,381,376,311,305,224,177,106,61,20
Malatya,Yeşilyurt,11527,11704,11556,11380,9997,11215,12179,10889,9284,7549,6552,5274,4191,3003,2285,1773,1212,632,319
Manisa,Ahmetli,425,510,555,690,545,437,523,526,592,593,576,555,461,371,305,236,185,76,18
Manisa,Akhisar,4632,5096,5088,5466,5034,5531,6160,6021,6136,5916,5781,5129,4156,3401,2808,2195,1599,691,228
Manisa,Alaşehir,3366,3528,3513,3604,3063,3620,3758,3534,3512,3518,3288,2903,2346,1880,1400,1208,844,371,100
Manisa,Demirci,1068,1219,1514,1876,2884,1433,1331,1426,1521,1528,1521,1377,1229,896,798,622,469,266,54
Manisa,Gölmarmara,524,554,684,631,551,435,504,541,539,500,477,422,388,312,242,204,150,59,20
Manisa,Gördes,706,850,969,1138,859,800,900,1094,1111,1112,1300,1194,954,740,621,554,410,191,48
Manisa,Kırkağaç,1215,1371,1402,1504,1290,1314,1392,1427,1384,1344,1344,1209,1018,820,752,558,430,211,55
Manisa,Köprübaşı,318,360,460,512,396,361,378,468,530,635,623,563,434,346,229,248,188,88,9
Manisa,Kula,1279,1451,1800,1814,1370,1461,1680,1698,1790,1790,1715,1330,1106,910,728,596,436,176,48
Manisa,Salihli,4428,5013,5370,5856,5087,5247,5777,5735,6146,5953,5704,5160,4187,3070,2292,1862,1405,556,166
Manisa,Sarıgöl,1128,1028,1099,1140,951,1195,1386,1240,1324,1340,1464,1266,1016,812,572,610,443,154,32
Manisa,Saruhanlı,1456,1783,1852,1877,1623,1520,1752,1801,1896,1903,1948,1745,1554,1307,976,834,645,275,84
Manisa,Selendi,596,734,815,863,658,686,697,729,779,772,775,719,604,523,414,304,254,114,25
Manisa,Soma,3952,4014,3839,3660,3836,4501,4859,4059,3779,3661,3329,2512,1845,1407,1110,867,569,280,85
Manisa,Şehzadeler,5832,5790,5845,6119,6536,6909,7128,6252,5761,5355,4933,4170,3288,2645,1836,1501,1078,554,193
Manisa,Turgutlu,5719,5579,5568,5698,5454,5895,6243,5718,5080,4672,4609,3790,3022,2200,1656,1352,1009,464,132
Manisa,Yunusemre,7947,7549,7139,7573,8636,9112,9756,8169,6775,6007,5470,4699,3440,2416,1598,1275,1020,466,177
Kahramanmaraş,Afşin,3892,4064,4070,3633,3034,2942,3053,2668,2617,2110,1861,1472,1322,1208,970,696,452,256,120
Kahramanmaraş,Andırın,1199,1340,1614,1592,1055,1038,1124,1006,1223,1079,990,1007,946,799,599,442,319,181,68
Kahramanmaraş,Çağlayancerit,1042,1021,1234,1144,901,927,930,856,836,714,588,550,443,385,306,184,126,105,49
Kahramanmaraş,Dulkadiroğlu,11303,11065,10876,9680,8767,8746,8788,7378,6519,5037,4509,3742,2956,2142,1688,1233,864,473,217
Kahramanmaraş,Ekinözü,568,531,693,671,482,386,362,411,402,345,278,227,274,271,226,139,96,65,22
Kahramanmaraş,Elbistan,6328,6823,7056,6467,5132,5767,5693,4903,4512,3658,2969,2302,1996,1705,1335,937,620,330,160
Kahramanmaraş,Göksun,2096,2250,2366,2566,2034,1745,1769,1627,1677,1461,1329,1197,1098,1018,807,544,425,182,69
Kahramanmaraş,Nurhak,437,466,533,539,455,501,510,512,441,376,347,304,308,228,204,120,108,68,33
Kahramanmaraş,Onikişubat,18623,18666,17747,16484,14387,15071,15540,12780,10979,8798,7591,6159,4595,3332,2412,1828,1211,665,292
Kahramanmaraş,Pazarcık,3107,3146,3231,2864,2519,2540,2595,2497,2137,1908,1512,1371,1286,1061,953,646,466,258,119
Kahramanmaraş,Türkoğlu,3688,3611,3552,2988,2539,2566,2417,2026,1970,1636,1376,1176,1007,830,646,505,301,191,85
Mardin,Artuklu,8701,8298,8524,7769,7009,6593,5965,4585,3942,2803,2295,1692,1324,1035,893,649,502,274,95
Mardin,Dargeçit,1748,1800,1801,1715,1504,1149,1000,851,564,452,300,322,423,301,207,169,173,65,32
Mardin,Derik,3921,4170,3988,3629,2792,2493,2038,1690,1458,1018,856,598,580,465,351,335,232,102,73
Mardin,Kızıltepe,14528,13871,13749,12720,10632,9435,8731,6574,5641,4144,3160,2444,2017,1610,1220,893,711,371,159
Mardin,Mazıdağı,2142,2064,2058,1924,1489,1272,1036,838,808,569,479,349,362,290,236,184,136,77,33
Mardin,Midyat,5549,5780,6373,5778,4782,4136,3914,3329,2612,2016,1535,1451,1277,1176,896,778,665,309,209
Mardin,Nusaybin,6166,6657,7058,6922,5245,4859,4447,3740,2960,2066,1722,1393,1295,1018,876,656,542,225,130
Mardin,Ömerli,765,825,863,844,629,511,452,404,367,265,239,182,218,203,188,153,124,64,29
Mardin,Savur,1491,1811,1819,1702,1151,1022,1023,871,747,554,465,399,467,364,362,298,215,98,68
Mardin,Yeşilli,968,1120,1138,1031,746,623,488,416,389,253,246,191,186,151,119,79,58,39,12
Muğla,Bodrum,4621,4577,4266,3734,4051,5669,6934,6489,5651,4788,4265,3742,3154,2473,1662,1167,759,445,156
Muğla,Dalaman,1168,1192,1294,1162,1109,1262,1469,1494,1386,1227,1044,929,725,558,400,246,249,119,26
Muğla,Datça,458,479,483,438,427,499,652,642,651,637,634,605,541,444,348,273,227,133,43
Muğla,Fethiye,4632,4965,4818,4721,4201,5166,6090,6231,5736,5183,4590,3720,2995,2340,1716,1106,891,480,119
Muğla,Kavaklıdere,343,332,404,376,348,324,399,385,360,360,323,313,251,225,216,183,148,55,19
Muğla,Köyceğiz,1127,1162,1273,1192,1117,1156,1273,1272,1322,1160,1075,977,783,611,483,321,297,149,37
Muğla,Marmaris,2807,2721,2290,2215,2438,3559,4233,3961,3252,2853,2503,2020,1635,1210,882,656,504,240,78
Muğla,Menteşe,2553,2642,2738,4089,5012,3697,3913,3672,3460,3490,3177,2832,2230,1682,1469,1236,1080,577,153
Muğla,Milas,3903,4093,4169,4160,4002,4780,4956,4681,4793,4790,4573,3708,2968,2385,1996,1533,1419,631,164
Muğla,Ortaca,1373,1464,1440,1530,1318,1668,1804,1946,1834,1650,1520,1324,1041,717,537,350,311,122,37
Muğla,Seydikemer,1834,2034,2276,2243,1808,1744,1873,2031,2138,2218,1982,1740,1442,1198,1087,729,644,313,69
Muğla,Ula,581,608,660,669,667,708,851,894,827,812,872,870,701,535,464,404,312,170,51
Muğla,Yatağan,1329,1329,1434,1462,1403,1553,1683,1568,1603,1727,1561,1360,1120,909,798,687,602,304,67
Muş,Merkez,11299,10573,11077,9907,9477,7829,6877,5043,3771,3056,2691,2126,1790,1172,887,581,504,250,112
Muş,Bulanık,5387,5547,5929,4923,3904,3047,2682,1957,1757,1216,1093,1083,878,628,507,327,242,140,65
Muş,Hasköy,1607,1851,1888,1686,1380,989,947,677,565,447,412,377,235,199,170,109,85,39,25
Muş,Korkut,1713,1667,1916,1700,1370,920,792,657,488,419,342,370,297,205,166,91,76,37,26
Muş,Malazgirt,3698,3764,4266,3500,2529,1972,1755,1288,1153,851,787,732,674,478,360,242,170,86,47
Muş,Varto,1599,1688,1905,1705,1322,1226,1147,946,829,694,570,660,602,508,352,215,242,145,59
Nevşehir,Merkez,4802,5233,5234,5511,5419,5315,5547,4906,4502,4044,3327,2653,2104,1731,1281,885,653,271,83
Nevşehir,Acıgöl,832,869,988,974,655,674,629,605,600,527,467,462,461,402,268,195,138,54,12
Nevşehir,Avanos,1053,1044,1183,1243,1217,1231,1240,1097,1105,1185,1185,1020,920,846,584,491,343,174,71
Nevşehir,Derinkuyu,884,962,1121,1032,636,725,810,785,765,605,533,483,382,346,293,184,111,52,12
Nevşehir,Gülşehir,703,841,861,906,712,723,795,702,785,810,831,728,671,525,449,313,215,93,28
Nevşehir,Hacıbektaş,257,245,317,353,353,298,366,315,373,426,491,430,407,367,322,278,194,112,26
Nevşehir,Kozaklı,467,467,530,495,441,462,469,431,458,520,501,508,468,418,299,259,220,92,25
Nevşehir,Ürgüp,991,1069,1202,1330,1141,1278,1326,1237,1214,1260,1124,961,882,831,686,569,429,193,81
Niğde,Merkez,8361,8817,9296,9583,9192,7303,8034,7296,6932,5852,4963,4001,3242,2718,2083,1435,1009,457,147
Niğde,Altunhisar,697,604,690,662,533,481,435,368,361,377,338,296,338,304,301,247,168,101,39
Niğde,Bor,2289,2323,2580,2640,2283,2152,2268,2104,2032,1970,1814,1473,1250,1136,896,759,493,303,98
Niğde,Çamardı,576,621,706,663,439,467,492,433,531,486,472,420,422,413,326,228,139,75,25
Niğde,Çiftlik,1661,1526,1555,1491,1212,1063,1023,858,780,622,583,467,447,378,350,232,131,49,16
Niğde,Ulukışla,554,584,661,687,572,561,622,631,718,793,837,720,681,610,510,356,285,179,45
Ordu,Akkuş,764,825,1147,1141,834,700,748,663,685,601,812,934,859,734,650,402,329,154,36
Ordu,Altınordu,6051,6299,6892,7389,7122,7168,7955,7526,7176,6639,5854,5047,3545,2729,2347,1928,1648,902,267
Ordu,Aybastı,716,757,1077,1177,799,730,791,746,842,715,707,701,670,518,476,380,235,105,37
Ordu,Çamaş,285,278,363,369,312,249,329,302,323,384,398,394,365,264,189,150,97,67,15
Ordu,Çatalpınar,595,627,711,600,530,456,550,495,464,406,405,382,347,308,193,119,99,45,12
Ordu,Çaybaşı,546,624,692,807,531,499,521,479,432,440,378,356,328,274,196,146,138,67,20
Ordu,Fatsa,3437,3665,4372,4404,3666,3555,4224,3953,3606,3341,3111,2879,2316,2021,1475,1062,1011,409,135
Ordu,Gölköy,1068,1023,1230,1380,1154,1025,1075,1011,1100,1056,1014,1026,903,758,602,426,336,183,49
Ordu,Gülyalı,200,185,270,301,236,204,270,290,301,350,340,327,271,243,248,206,183,70,15
Ordu,Gürgentepe,441,474,623,582,436,457,547,505,556,620,600,604,506,388,287,208,162,82,17
Ordu,İkizce,551,603,794,806,500,495,535,502,467,499,509,485,408,350,283,186,158,91,15
Ordu,Kabadüz,192,175,255,310,253,175,205,198,249,290,290,297,253,219,206,169,116,60,13
Ordu,Kabataş,307,397,522,537,369,337,362,352,455,414,430,436,362,266,279,163,113,53,16
Ordu,Korgan,1303,1309,1471,1516,1143,1153,1080,978,895,924,869,819,733,671,492,231,249,118,30
Ordu,Kumru,1261,1229,1422,1322,1145,1081,1124,1033,876,882,815,937,792,747,559,306,405,170,48
Ordu,Mesudiye,290,294,343,449,486,362,360,328,393,536,699,852,705,647,594,389,376,185,52
Ordu,Perşembe,519,647,919,1037,744,640,814,925,1098,1244,1167,1290,962,963,885,828,603,322,97
Ordu,Ulubey,409,461,647,687,640,461,581,553,672,735,772,840,762,651,533,406,348,186,56
Ordu,Ünye,3792,4079,4771,4820,4271,4005,4488,4199,4131,3940,3631,3432,2696,2251,1751,1166,1125,534,147
Rize,Merkez,4832,4918,5315,5942,5989,5712,5753,5340,5237,4722,4042,3343,2349,1961,1697,1282,997,547,209
Rize,Ardeşen,1352,1468,1612,1664,1364,1473,1500,1435,1656,1332,1131,1049,665,677,665,428,493,191,100
Rize,Çamlıhemşin,147,128,209,211,216,183,177,195,231,229,246,216,193,206,198,117,127,52,14
Rize,Çayeli,1164,1225,1506,1743,1907,1395,1388,1326,1523,1475,1303,1257,932,832,784,647,493,269,111
Rize,Derepazarı,182,210,280,277,247,246,239,265,303,276,275,289,215,205,191,129,108,47,18
Rize,Fındıklı,429,492,506,666,594,486,514,512,590,548,565,527,381,350,319,270,290,135,65
Rize,Güneysu,435,434,520,521,499,442,493,457,521,501,422,435,354,335,233,162,140,60,50
Rize,Hemşin,32,23,32,44,55,64,51,49,59,75,99,127,106,91,97,59,86,26,9
Rize,İkizdere,136,120,153,188,231,195,150,172,200,190,235,238,232,209,239,168,139,71,23
Rize,İyidere,243,294,331,351,289,292,308,321,345,360,319,271,219,201,192,117,93,39,23
Rize,Kalkandere,368,350,475,504,445,384,383,428,475,419,384,381,307,280,252,196,144,65,32
Rize,Pazar,792,868,978,1131,943,971,943,1039,1209,1209,1122,1043,775,755,622,509,490,183,80
Sakarya,Adapazarı,8987,9511,9820,10098,10074,10666,11996,10746,9637,8367,7801,6578,5043,3787,2853,2195,1593,666,213
Sakarya,Akyazı,3050,3229,3632,3508,2969,2939,3339,3260,2929,2657,2451,2143,1592,1386,1150,773,713,370,111
Sakarya,Arifiye,1482,1493,1707,1605,1489,1476,1681,1456,1380,1241,1040,887,647,520,397,253,247,101,30
Sakarya,Erenler,2969,2893,3120,3111,3051,3246,3490,3019,2734,2528,2199,2017,1451,1094,695,490,395,191,51
Sakarya,Ferizli,802,840,927,858,908,871,861,790,844,765,700,690,508,358,295,274,215,102,32
Sakarya,Geyve,1661,1750,1842,1989,1686,1679,1865,1770,1596,1485,1424,1338,1078,907,727,553,442,218,37
Sakarya,Hendek,2761,2805,3066,3192,3408,2747,3093,2789,2554,2336,2216,1906,1502,1161,963,690,631,283,75
Sakarya,Karapürçek,473,536,571,555,494,476,458,401,410,383,314,298,202,171,147,126,76,33,17
Sakarya,Karasu,1795,2069,2254,2362,1930,1955,2089,2016,1936,1943,1745,1578,1195,919,717,503,409,213,72
Sakarya,Kaynarca,772,811,972,916,866,781,760,781,798,754,776,640,544,439,336,252,188,74,16
Sakarya,Kocaali,632,742,941,889,760,654,734,781,804,784,739,738,630,514,420,251,221,79,31
Sakarya,Pamukova,927,1046,1026,1133,1047,972,1146,1000,921,842,891,781,647,447,398,311,222,126,26
Sakarya,Sapanca,1423,1350,1444,1625,1528,1537,1559,1552,1492,1310,1220,987,758,582,464,287,228,110,30
Sakarya,Serdivan,3488,3551,3650,5033,7343,4353,4450,4107,3682,3171,2871,2490,1703,1197,831,605,439,195,60
Sakarya,Söğütlü,436,393,480,518,512,495,439,439,472,474,482,449,404,291,252,199,145,86,26
Sakarya,Taraklı,223,264,268,247,250,230,219,218,226,207,218,188,193,142,158,117,117,50,11
Samsun,Alaçam,654,873,1102,1257,870,771,760,838,975,949,934,835,884,762,618,457,442,179,70
Samsun,Asarcık,753,800,909,875,786,652,660,632,524,484,358,317,350,286,185,180,131,62,21
Samsun,Atakum,4513,4426,4857,7240,8530,6185,6777,6344,5371,5031,4793,3963,2766,1901,1332,848,772,318,98
Samsun,Ayvacık,932,873,1070,1143,975,797,785,699,632,595,567,525,416,345,299,159,147,77,13
Samsun,Bafra,4113,4637,5397,6175,4900,4624,5158,4958,5376,5382,4959,4136,3526,2765,2384,1642,1517,670,184
Samsun,Canik,3688,3719,3954,4186,3750,3837,4056,3665,3213,2942,2512,1977,1480,1147,901,584,483,228,58
Samsun,Çarşamba,4604,4983,5841,5901,4786,4780,5131,4722,4463,4448,4305,3616,3003,2433,1988,1338,1274,525,155
Samsun,Havza,1208,1544,1808,1955,1361,1298,1400,1304,1379,1473,1335,1276,1182,1025,905,573,474,167,26
Samsun,İlkadım,10011,10452,11399,11678,11420,12132,13752,12821,12209,11785,10602,8851,6798,5026,3940,2895,2419,1004,329
Samsun,Kavak,580,599,778,813,673,545,639,601,662,681,649,604,657,604,462,393,279,156,42
Samsun,Ladik,439,479,568,669,518,443,477,520,617,557,580,530,642,511,460,377,274,104,19
Samsun,Salıpazarı,570,705,920,900,605,555,590,606,618,571,564,558,536,489,404,200,211,113,39
Samsun,Tekkeköy,1706,1781,2059,2016,1769,1848,1926,1804,1734,1718,1574,1378,1025,794,671,500,448,195,55
Samsun,Terme,2118,2288,2932,3023,2452,2124,2475,2427,2471,2555,2544,2438,1998,1631,1336,966,924,410,104
Samsun,Vezirköprü,4537,4791,5257,5140,4137,3615,3468,2833,2981,2704,2711,2388,1993,1892,1340,761,662,220,56
Samsun,Yakakent,254,292,388,421,313,245,280,263,270,289,299,292,269,238,181,145,134,53,22
Samsun,19 Mayıs,757,760,973,1063,844,805,806,797,828,838,857,786,640,477,417,326,253,106,32
Siirt,Merkez,8752,8707,8576,7939,7214,6368,5768,3953,3199,2577,1969,1641,1384,1062,801,515,467,276,152
Siirt,Baykan,1573,1888,1893,1726,1231,896,869,702,537,419,365,363,371,229,216,129,103,80,32
Siirt,Eruh,1180,1207,1190,1083,831,643,630,365,349,315,204,244,225,242,193,160,93,40,23
Siirt,Kurtalan,3504,3598,3758,3627,2684,2108,1834,1455,1177,988,859,676,622,439,354,212,225,132,66
Siirt,Pervari,2393,2536,2400,2040,1314,1080,938,653,598,492,425,325,306,258,216,108,90,40,14
Siirt,Şirvan,1557,1728,1802,1565,979,626,641,533,430,410,281,278,247,221,157,105,70,61,23
Siirt,Tillo,214,231,243,235,177,131,131,107,82,57,61,52,58,42,40,32,26,11,4
Sinop,Merkez,1544,1539,1669,2048,2571,2042,2269,2111,2142,2114,2020,1796,1416,1218,1006,730,605,330,77
Sinop,Ayancık,491,519,618,793,667,654,649,644,650,701,855,799,822,590,667,571,390,194,55
Sinop,Boyabat,1581,1663,1789,1696,1641,1532,1558,1273,1246,1192,1309,1214,1093,1043,914,676,525,235,70
Sinop,Dikmen,104,157,209,255,191,119,128,122,133,181,171,231,236,240,189,186,135,56,15
Sinop,Durağan,746,866,991,976,710,625,644,521,508,500,582,587,542,543,415,258,233,69,15
Sinop,Erfelek,235,245,275,306,273,256,257,264,269,320,380,460,529,500,426,345,276,115,29
Sinop,Gerze,541,517,600,656,666,675,666,607,674,761,810,740,803,646,720,477,337,168,70
Sinop,Saraydüzü,86,97,108,108,118,113,98,89,100,127,222,267,318,322,248,158,159,76,21
Sinop,Türkeli,430,422,465,475,470,446,449,416,394,403,520,519,492,440,345,276,249,109,34
Sivas,Merkez,13420,14062,14776,16174,17582,14620,14214,12530,11608,10119,9022,7375,5952,4629,3529,2380,1876,841,249
Sivas,Akıncılar,96,127,159,131,114,134,141,138,121,143,211,194,218,238,153,111,107,47,13
Sivas,Altınyayla,438,482,530,465,359,326,321,303,239,227,229,226,194,181,119,73,55,28,5
Sivas,Divriği,382,348,390,489,485,486,465,450,490,504,479,510,528,539,490,356,310,127,27
Sivas,Doğanşar,70,61,71,85,78,75,52,70,77,62,95,129,128,148,127,56,73,11,5
Sivas,Gemerek,782,949,964,1005,851,786,828,831,809,822,931,843,744,678,576,379,331,148,51
Sivas,Gölova,74,72,79,88,80,86,79,56,66,78,107,189,155,146,136,82,76,37,14
Sivas,Gürün,668,678,875,929,726,624,557,600,670,589,503,474,469,491,405,297,231,109,25
Sivas,Hafik,196,232,247,312,281,217,209,202,218,243,316,406,430,343,357,165,212,60,7
Sivas,İmranlı,142,162,224,179,189,195,199,176,193,211,283,303,305,353,278,204,181,72,20
Sivas,Kangal,770,833,991,968,742,829,694,732,676,655,582,563,590,549,476,317,257,124,32
Sivas,Koyulhisar,293,368,469,549,404,364,301,336,338,411,532,556,577,548,517,273,270,154,41
Sivas,Suşehri,818,871,1046,1177,1099,846,832,820,784,635,691,730,760,687,492,329,284,162,45
Sivas,Şarkışla,1346,1468,1555,1634,1365,1368,1308,1296,1150,1181,1157,1021,881,815,572,435,349,181,49
Sivas,Ulaş,391,398,394,382,344,299,293,254,240,260,239,248,250,228,162,118,104,46,18
Sivas,Yıldızeli,1509,1789,1989,1988,1671,1343,1309,1181,1157,1023,1064,945,875,794,597,376,332,163,41
Sivas,Zara,580,666,756,870,798,724,688,599,592,613,636,757,662,723,547,391,364,153,41
Tekirdağ,Çerkezköy,5183,5030,4497,4161,4565,5767,5972,4764,3930,2932,2272,1788,1161,721,504,365,262,119,31
Tekirdağ,Çorlu,8418,8246,7676,7382,7834,10602,12045,10252,8542,7067,6059,5045,3712,2590,1719,1205,899,375,113
Tekirdağ,Ergene,1947,2047,1980,1869,1977,2367,2381,2157,2006,1901,1691,1467,1139,854,620,471,367,136,53
Tekirdağ,Hayrabolu,839,846,922,1136,1045,1070,988,970,1118,1230,1271,1197,985,801,631,607,425,172,34
Tekirdağ,Kapaklı,3998,3801,3375,2994,3387,4323,4699,3627,2927,2163,1869,1397,927,600,417,315,214,101,24
Tekirdağ,Malkara,1327,1367,1436,1678,1562,1650,1671,1633,1798,1955,2216,1912,1650,1226,1049,913,700,279,77
Tekirdağ,Marmaraereğlisi,724,698,732,755,733,832,832,787,738,712,704,749,610,496,323,227,155,64,27
Tekirdağ,Muratlı,769,771,800,859,875,963,1107,940,925,957,949,902,624,440,373,316,268,115,31
Tekirdağ,Saray,1555,1440,1511,1543,1675,1834,1969,1703,1761,1643,1623,1395,1065,702,634,491,374,148,41
Tekirdağ,Süleymanpaşa,5043,5184,5536,6537,6478,6699,7488,7119,6757,6533,6118,5366,4103,2814,2114,1717,1338,585,176
Tekirdağ,Şarköy,730,784,871,949,907,927,1012,957,1111,1122,1160,1113,935,721,567,477,339,131,40
Tokat,Merkez,6477,7043,7513,8389,8534,7293,7357,6783,6255,5700,5180,4427,3465,2928,2026,1339,1019,432,110
Tokat,Almus,691,821,1049,1010,816,762,809,802,832,866,841,890,970,772,683,400,306,97,32
Tokat,Artova,300,329,429,439,280,273,298,280,285,250,277,312,224,280,178,105,99,29,18
Tokat,Başçiftlik,168,167,197,228,207,195,164,159,175,239,195,221,179,176,149,97,70,48,7
Tokat,Erbaa,3292,3702,4187,4399,3506,3379,3222,3045,2939,2805,2819,2604,2212,2009,1175,1338,757,280,94
Tokat,Niksar,1690,1883,2290,2540,2182,1835,1919,1919,2073,2118,2211,2060,1939,1765,1220,910,832,380,73
Tokat,Pazar,518,537,612,703,522,489,480,444,441,419,475,400,383,332,233,180,158,54,14
Tokat,Reşadiye,1028,1068,1340,1391,1189,1150,1072,1084,1090,1121,1254,1369,1238,913,974,659,459,231,64
Tokat,Sulusaray,353,369,425,414,294,290,284,302,244,228,204,213,195,142,148,65,57,15,6
Tokat,Turhal,2681,2957,3250,3473,2853,2811,3167,2864,2783,2647,2763,2653,2177,1825,1281,949,691,301,87
Tokat,Yeşilyurt,439,499,622,599,458,421,377,385,359,285,246,307,212,212,139,66,66,24,7
Tokat,Zile,1546,1891,2378,2541,2009,1741,1899,2025,1951,1882,1893,1975,1920,1738,1086,799,655,234,59
Trabzon,Akçaabat,3865,3773,4083,4842,5112,4371,4359,3879,3763,3739,3643,3271,2241,1780,1627,1029,1189,718,231
Trabzon,Araklı,1869,1962,2253,2145,1856,1779,1734,1482,1416,1415,1336,1265,976,858,804,523,468,324,110
Trabzon,Arsin,989,912,1092,1284,1234,1010,957,809,872,925,825,755,561,485,497,293,302,189,64
Trabzon,Beşikdüzü,487,582,696,901,966,646,614,645,745,775,788,772,546,513,492,407,458,223,57
Trabzon,Çarşıbaşı,498,504,611,645,517,540,520,507,516,477,519,504,323,315,261,189,199,128,42
Trabzon,Çaykara,343,379,464,530,434,406,415,408,431,416,437,474,413,423,415,282,340,145,61
Trabzon,Dernekpazarı,93,79,106,121,114,103,87,90,113,119,128,138,144,128,147,78,111,61,17
Trabzon,Düzköy,485,527,670,665,509,524,478,491,420,479,460,477,325,316,294,175,178,145,56
Trabzon,Hayrat,196,211,283,322,266,215,215,211,230,211,229,255,250,241,202,104,137,83,30
Trabzon,Köprübaşı,140,108,164,173,174,151,142,118,144,129,186,194,168,162,167,112,114,43,26
Trabzon,Maçka,674,665,797,961,884,798,722,660,736,813,886,857,739,623,678,500,481,262,71
Trabzon,Of,1278,1422,1670,1707,1509,1339,1316,1301,1430,1391,1314,1215,1019,875,848,566,587,282,106
Trabzon,Ortahisar,10449,10548,11116,12371,13495,12582,13064,12220,11110,10497,9571,8061,5299,3947,3363,2221,2379,1264,426
Trabzon,Sürmene,804,855,962,1106,1005,830,847,801,881,829,767,782,595,611,567,383,396,209,70
Trabzon,Şalpazarı,208,237,322,372,334,263,259,277,360,413,461,497,425,405,383,249,296,143,52
Trabzon,Tonya,364,455,572,650,527,451,446,473,570,587,541,551,424,410,352,219,277,156,65
Trabzon,Vakfıkebir,725,852,912,995,827,831,860,934,907,878,885,897,627,526,582,419,451,284,75
Trabzon,Yomra,1165,1018,1203,1498,1391,1265,1184,984,997,1035,913,872,648,623,520,345,328,183,79
Tunceli,Merkez,1131,863,902,1129,1982,1719,1640,1210,1092,863,794,692,502,377,250,262,309,161,97
Tunceli,Çemişgezek,217,209,242,308,318,264,270,240,232,251,254,253,231,208,163,151,130,68,18
Tunceli,Hozat,127,136,141,144,167,190,241,177,160,172,154,160,141,123,94,98,72,40,28
Tunceli,Mazgirt,158,162,194,276,200,238,268,251,253,246,274,251,239,260,177,191,180,95,45
Tunceli,Nazımiye,55,63,77,84,93,108,92,75,93,66,78,108,108,89,74,50,71,42,21
Tunceli,Ovacık,118,103,149,214,202,207,207,194,194,167,181,182,171,151,102,81,84,56,26
Tunceli,Pertek,285,340,342,380,411,407,432,355,395,369,339,354,252,207,241,171,151,89,50
Tunceli,Pülümür,53,38,64,74,69,90,88,76,96,116,122,131,116,105,50,59,73,26,12
Şanlıurfa,Akçakale,8765,7562,6070,4991,3905,3516,2988,2033,1760,1499,1207,875,767,521,381,208,175,80,56
Şanlıurfa,Birecik,5875,5498,5441,4873,4119,3806,3264,2719,2345,1942,1556,1265,1063,889,624,494,307,193,84
Şanlıurfa,Bozova,3390,3383,3526,3427,2765,2245,1727,1646,1163,1084,995,758,761,658,551,375,276,149,81
Şanlıurfa,Ceylanpınar,5566,5141,5005,4278,3545,3294,2836,2234,1837,1451,1074,762,633,517,411,283,186,102,44
Şanlıurfa,Eyyübiye,29334,26021,23051,19241,15811,13570,12383,8854,7438,5866,5021,3616,2801,2009,1532,1073,827,335,186
Şanlıurfa,Halfeti,2131,2075,2246,2086,1694,1604,1369,1156,940,763,785,640,648,524,453,356,254,123,60
Şanlıurfa,Haliliye,22773,20777,19635,18265,16925,15170,13057,10013,8615,6928,6034,4294,3247,2393,1707,1317,889,451,187
Şanlıurfa,Harran,7535,6308,4684,3940,3169,2798,2414,1594,1389,1162,863,646,572,440,281,170,140,69,33
Şanlıurfa,Hilvan,2490,2589,2639,2453,1886,1586,1384,1107,944,816,714,456,416,396,290,195,142,84,44
Şanlıurfa,Karaköprü,6371,5747,5585,5109,4620,5176,4739,3511,2656,2098,1821,1199,959,689,502,337,206,103,53
Şanlıurfa,Siverek,17040,15774,15197,12999,10806,9131,7387,6270,5039,4072,3449,2307,1957,1519,1192,932,656,276,167
Şanlıurfa,Suruç,6735,6245,6258,5723,5088,4400,3598,2605,2081,1749,1566,1128,1062,853,621,486,292,194,110
Şanlıurfa,Viranşehir,13723,12545,11320,9427,8793,7562,6368,4563,3463,3022,2528,1576,1333,1015,794,551,487,183,148
Uşak,Merkez,7340,7880,8239,9019,9169,9172,10053,9159,8326,7653,7041,5786,4280,3284,2632,2009,1625,590,168
Uşak,Banaz,1101,1120,1323,1307,1158,1260,1255,1205,1233,1200,1322,1231,1052,841,797,565,519,153,55
Uşak,Eşme,905,908,1125,1361,1089,1079,1163,1240,1307,1456,1407,1228,1031,885,748,643,538,181,56
Uşak,Karahallı,254,288,305,308,287,330,323,369,365,333,349,423,422,393,328,251,224,108,29
Uşak,Sivaslı,724,706,702,727,664,711,793,748,676,633,715,653,559,510,448,326,269,77,21
Uşak,Ulubey,261,337,383,496,368,372,397,450,486,513,555,560,456,386,397,272,276,111,36
Van,Bahçesaray,1166,1251,1119,1121,819,525,438,422,365,206,204,216,193,124,83,70,40,18,4
Van,Başkale,3558,4125,4382,3563,2767,2022,2219,1411,990,1017,760,630,492,362,227,143,145,57,36
Van,Çaldıran,5121,4791,4801,4085,2980,2381,1527,1335,1268,1002,940,756,501,380,240,173,109,52,27
Van,Çatak,1400,1587,1641,1500,1060,698,805,453,459,370,336,294,228,195,128,84,58,27,6
Van,Edremit,6355,6012,6094,5580,5308,5007,4804,3011,2396,1956,1488,1297,914,642,458,286,229,102,58
Van,Erciş,11596,10014,10860,9435,7898,6433,5893,4005,3957,2600,2478,2060,1607,1268,820,532,419,197,83
Van,Gevaş,1496,1545,1884,1815,1555,1116,1129,760,776,612,517,427,439,280,231,143,113,47,21
Van,Gürpınar,2223,2388,2756,2553,1957,1347,1301,814,707,754,589,573,383,299,204,130,90,39,24
Van,İpekyolu,15689,15259,16024,14486,13872,12493,12085,8270,6658,5291,4457,3633,2651,1913,1314,863,643,331,142
Van,Muradiye,3611,3514,3495,2979,2529,1914,1420,1077,1078,837,778,589,428,354,231,178,122,35,25
Van,Özalp,4961,5428,5488,4307,3306,2638,2174,1281,1521,1172,1073,805,609,419,296,182,129,45,21
Van,Saray,1440,1531,1571,1457,1007,891,702,419,457,401,316,297,218,125,79,56,34,21,6
Van,Tuşba,8409,7624,7842,7872,8355,6006,5157,3580,2886,2476,2013,1628,1121,876,578,377,245,104,57
Yozgat,Merkez,3281,3566,3719,4473,4408,3872,3782,3308,3149,2913,2588,2268,1949,1587,1152,868,777,280,78
Yozgat,Akdağmadeni,1544,1902,2306,2399,2045,1703,1697,1551,1438,1315,1202,1118,988,931,711,467,404,155,30
Yozgat,Aydıncık,419,527,532,507,468,445,375,374,359,387,294,314,336,295,252,169,139,52,12
Yozgat,Boğazlıyan,1167,1257,1354,1365,1187,1250,1145,1024,1090,1219,1222,1014,992,755,542,412,423,159,38
Yozgat,Çandır,124,141,170,172,139,140,160,138,139,147,154,189,178,148,120,95,90,56,17
Yozgat,Çayıralan,295,416,564,628,547,491,484,470,490,488,531,469,460,428,329,269,194,77,39
Yozgat,Çekerek,863,976,1132,1224,791,722,725,740,696,689,641,605,618,534,422,285,188,73,21
Yozgat,Kadışehri,551,702,797,805,535,449,422,504,366,449,363,328,357,265,151,107,90,25,9
Yozgat,Saraykent,505,678,855,855,597,518,497,486,410,444,350,324,314,255,202,117,92,40,21
Yozgat,Sarıkaya,1094,1318,1649,1654,1313,1222,1237,1185,1145,1178,981,992,913,844,632,379,389,143,53
Yozgat,Sorgun,3227,3528,3676,3853,3065,2986,2838,2640,2585,2440,2093,1838,1671,1462,1090,713,555,198,66
Yozgat,Şefaatli,434,590,686,651,483,481,472,494,540,544,563,506,499,425,348,236,184,93,23
Yozgat,Yenifakılı,158,217,236,229,169,160,188,166,185,205,209,181,173,172,90,113,86,50,18
Yozgat,Yerköy,1271,1342,1608,1713,1330,1216,1311,1266,1305,1342,1235,1063,951,767,671,455,317,152,44
Zonguldak,Merkez,3540,3614,4032,4725,5606,4691,5212,5038,4745,4695,4696,3839,2705,1928,1620,1184,1077,454,100
Zonguldak,Alaplı,1529,1677,1723,1692,1599,1570,1743,1663,1577,1572,1484,1463,1020,718,586,382,364,155,22
Zonguldak,Çaycuma,2381,2749,3063,3152,2828,3229,3547,3495,3550,3358,3693,3552,2802,2116,1526,1134,1068,373,79
Zonguldak,Devrek,1317,1434,1635,1873,1742,1777,1882,1828,1907,2150,2448,2371,2039,1516,1141,884,768,325,61
Zonguldak,Ereğli,5976,6496,6540,6121,5947,6721,7837,7557,6546,6089,5686,4934,3595,2529,1875,1376,1105,492,119
Zonguldak,Gökçebey,618,688,765,854,769,809,866,736,811,839,835,807,663,442,360,293,220,91,10
Zonguldak,Kilimli,1354,1373,1391,1309,1269,1639,1741,1568,1425,1481,1590,1254,886,656,530,430,347,120,38
Zonguldak,Kozlu,1367,1397,1400,1712,1556,1856,1817,1714,1611,1612,1704,1479,1058,712,523,406,328,123,31
Aksaray,Merkez,12171,12145,12235,12301,11312,11266,11444,10524,9442,7714,6626,5280,4664,3615,2627,1989,1236,594,212
Aksaray,Ağaçören,249,302,382,349,253,288,270,272,284,288,306,357,345,235,190,138,100,39,18
Aksaray,Eskil,1289,1389,1513,1303,892,921,1015,900,865,676,546,429,426,376,291,155,92,66,20
Aksaray,Gülağaç,895,913,899,977,744,669,695,621,631,600,557,466,454,410,318,228,117,40,12
Aksaray,Güzelyurt,536,491,557,570,468,391,418,408,381,330,318,303,318,273,201,190,88,39,9
Aksaray,Ortaköy,1035,1260,1495,1648,1333,1126,1214,1143,1126,1144,1070,984,918,794,517,413,269,122,52
Aksaray,Sarıyahşi,125,132,167,182,186,160,208,195,189,194,201,213,182,188,103,112,69,27,9
Bayburt,Merkez,2327,2289,2329,2924,3107,2447,2042,1835,1874,1593,1363,1297,1007,889,855,539,523,301,63
Bayburt,Aydıntepe,188,236,270,314,211,193,207,172,231,176,208,183,149,149,117,89,105,43,12
Bayburt,Demirözü,322,311,373,429,287,266,237,244,250,247,200,180,162,166,155,102,95,47,12
Karaman,Merkez,6758,7193,7624,8137,7646,7101,6987,6699,6224,5699,4868,4004,3182,2367,1809,1517,1239,525,126
Karaman,Ayrancı,221,270,351,390,202,215,242,243,305,287,300,306,290,258,232,193,144,68,12
Karaman,Başyayla,130,135,169,198,143,122,121,124,156,108,97,100,96,82,78,61,73,23,8
Karaman,Ermenek,1028,996,1187,1176,1038,1011,993,874,984,926,788,776,694,734,576,433,373,210,44
Karaman,Kazımkarabekir,141,132,142,185,197,157,115,125,125,134,145,125,125,98,86,81,51,29,2
Karaman,Sarıveliler,417,487,555,597,439,384,376,367,421,354,325,323,304,279,263,154,152,56,12
Kırıkkale,Merkez,5994,6969,7966,8278,7404,7083,7328,7011,7460,7210,6485,5383,4427,3350,2370,1729,1220,511,177
Kırıkkale,Bahşili,242,257,258,277,276,255,225,210,223,271,242,205,199,119,89,60,61,24,14
Kırıkkale,Balışeyh,206,218,254,262,196,171,169,177,194,216,182,213,215,178,166,114,88,40,11
Kırıkkale,Çelebi,77,88,89,108,86,94,75,78,95,94,125,110,107,114,105,63,51,20,7
Kırıkkale,Delice,230,229,290,317,252,228,230,249,303,270,333,356,446,451,357,239,203,72,19
Kırıkkale,Karakeçili,161,173,198,203,160,149,127,153,145,137,112,111,108,73,69,39,27,15,8
Kırıkkale,Keskin,566,660,752,927,791,553,532,562,701,630,612,609,639,490,408,293,176,93,38
Kırıkkale,Sulakyurt,176,154,216,228,161,141,176,157,188,244,276,295,329,335,247,187,157,63,10
Kırıkkale,Yahşihan,471,542,595,1181,1967,571,612,612,570,446,397,355,324,220,172,118,90,31,13
Batman,Merkez,24260,23926,24392,21895,18668,16816,16839,12241,9452,7197,5330,4108,3563,2647,1997,1329,1119,593,288
Batman,Beşiri,1775,1955,2137,1969,1425,961,1023,784,708,570,402,444,381,279,240,135,148,87,54
Batman,Gercüş,1143,1112,1327,1356,998,712,684,607,491,394,312,303,382,355,290,203,164,79,33
Batman,Hasankeyf,332,335,446,424,288,234,212,203,173,125,108,86,107,70,52,52,44,24,8
Batman,Kozluk,3841,4204,4172,3919,2741,1910,2271,1600,1293,984,763,693,677,490,398,286,197,122,64
Batman,Sason,1755,2021,2365,1966,1425,1095,1023,694,642,550,343,376,331,275,194,153,98,71,38
Şırnak,Merkez,5903,5416,5114,4462,4512,3874,3492,2092,1411,1226,732,694,586,468,318,227,209,102,79
Şırnak,Beytüşşebap,827,959,1129,1047,819,526,701,414,341,284,185,170,189,123,88,78,65,31,15
Şırnak,Cizre,9377,9098,8815,7154,6101,5139,4767,3335,2492,1872,1345,1116,848,666,462,373,307,197,102
Şırnak,Güçlükonak,727,667,661,564,522,388,346,233,155,168,124,123,96,81,57,50,38,22,11
Şırnak,İdil,4960,5650,4935,4459,3590,2707,2423,1915,1467,879,754,645,634,475,305,236,227,125,78
Şırnak,Silopi,8143,8303,8264,6715,5471,4683,4226,2903,2295,1675,1078,895,773,535,375,331,277,176,90
Şırnak,Uludere,2052,2487,2472,2149,1616,1115,1235,983,718,623,408,452,322,267,220,137,158,75,40
Bartın,Merkez,4230,4449,5007,5590,5705,5218,5828,5623,5318,4949,4895,4482,3547,2618,2066,1469,1382,572,113
Bartın,Amasra,409,454,509,457,397,536,592,508,515,513,537,598,449,359,274,199,210,88,20
Bartın,Kurucaşile,148,175,172,217,188,206,228,191,183,215,244,284,266,214,201,149,129,61,12
Bartın,Ulus,456,442,660,736,630,519,575,580,712,756,995,1016,1027,790,621,449,412,146,27
Ardahan,Merkez,1668,1711,1765,1846,1873,1609,1541,1276,1152,974,901,743,731,637,540,292,327,119,37
Ardahan,Çıldır,307,391,429,408,344,342,319,297,303,278,289,252,226,287,207,145,124,30,21
Ardahan,Damal,155,164,264,247,186,169,193,185,188,147,176,147,186,163,133,71,55,19,4
Ardahan,Göle,1125,1236,1304,1398,925,935,905,888,748,662,608,602,540,572,476,295,243,79,36
Ardahan,Hanak,284,344,420,396,325,289,286,306,309,253,283,294,265,243,241,139,131,41,9
Ardahan,Posof,194,185,237,320,337,283,229,194,226,283,262,296,194,186,151,83,101,43,13
Iğdır,Merkez,6998,6413,7190,6841,5592,5401,4935,4002,3334,2892,2430,2104,1667,1207,772,689,566,258,127
Iğdır,Aralık,1256,1162,1234,1028,859,913,725,591,532,440,406,347,294,237,132,118,93,49,31
Iğdır,Karakoyunlu,661,631,758,720,522,522,453,399,409,329,345,285,234,163,131,97,94,39,20
Iğdır,Tuzluca,1190,1193,1337,1336,954,845,864,620,543,461,485,543,449,321,184,183,147,61,23
Yalova,Merkez,4049,4079,4376,4906,4435,4575,5266,4963,4765,4392,4031,3543,2759,2129,1624,1228,970,459,132
Yalova,Altınova,779,846,771,755,775,822,940,902,785,724,675,608,487,384,284,230,183,70,27
Yalova,Armutlu,280,282,289,356,298,321,303,285,276,252,283,247,220,186,163,96,66,31,9
Yalova,Çınarcık,630,662,790,1063,898,834,881,908,957,1047,1056,1087,917,716,573,364,272,133,45
Yalova,Çiftlikköy,928,1024,1043,1068,936,1147,1271,1236,1166,1087,1036,898,713,581,431,308,237,109,28
Yalova,Termal,142,166,182,277,368,187,185,209,203,200,177,164,131,114,100,54,52,14,4
Karabük,Merkez,3511,3829,4149,5267,5163,4124,4628,4944,4692,4163,3807,3319,2673,2051,1644,1162,1008,392,96
Karabük,Eflani,175,226,296,307,273,218,222,260,247,285,338,392,384,337,353,208,235,87,18
Karabük,Eskipazar,275,301,346,447,389,337,332,300,385,424,466,457,456,394,395,262,224,79,19
Karabük,Ovacık,56,70,50,68,70,79,71,64,70,84,120,174,166,180,150,105,77,44,15
Karabük,Safranbolu,1620,1571,1688,2666,2418,1908,2060,2078,2030,1869,1933,1805,1441,1151,853,652,580,274,66
Karabük,Yenice,489,521,608,715,708,583,642,595,775,899,966,881,783,629,478,325,290,116,26
Kilis,Merkez,4797,4955,4967,5221,4960,3917,3783,3366,3012,2725,2325,1730,1587,1378,1021,839,602,319,130
Kilis,Elbeyli,304,257,300,334,254,225,188,164,156,134,140,140,154,126,81,57,57,18,12
Kilis,Musabeyli,710,744,829,750,489,360,402,349,326,335,283,243,269,230,211,103,114,47,28
Kilis,Polateli,282,284,311,292,193,154,155,158,161,132,104,100,88,76,84,53,33,19,4
Osmaniye,Merkez,11857,11731,11576,10966,9936,9773,10100,8879,7922,6519,6041,4904,3862,2753,1841,1272,975,498,176
Osmaniye,Bahçe,917,918,1016,950,783,739,707,700,773,644,592,496,355,338,198,125,125,58,23
Osmaniye,Düziçi,3859,4070,4008,3391,2602,2760,2890,2739,2915,2377,1915,1753,1460,1051,667,419,381,204,84
Osmaniye,Hasanbeyli,157,163,166,150,151,129,124,121,123,136,142,159,114,98,74,50,45,21,7
Osmaniye,Kadirli,4399,4964,5335,5095,3859,4130,4470,4117,4317,3955,3462,2897,2396,1928,1507,971,732,381,153
Osmaniye,Sumbas,460,591,693,688,399,408,423,515,606,505,463,361,350,307,277,182,122,78,20
Osmaniye,Toprakkale,758,717,686,623,545,625,637,467,486,400,376,319,253,197,114,102,79,36,18
Düzce,Merkez,7634,7879,8137,8287,8648,8556,9347,8278,7506,6369,6067,5060,3814,2793,2281,1705,1355,606,161
Düzce,Akçakoca,985,1214,1366,1387,1304,1259,1418,1427,1479,1430,1469,1196,903,762,643,456,331,149,46
Düzce,Cumayeri,506,534,542,512,490,483,508,467,504,423,408,355,277,229,168,115,97,36,9
Düzce,Çilimli,567,597,607,596,586,626,638,553,580,535,606,530,422,323,239,166,180,67,16
Düzce,Gölyaka,677,662,800,822,768,697,715,694,696,662,613,632,459,396,341,220,209,92,23
Düzce,Gümüşova,449,557,580,556,521,515,546,493,573,499,448,416,349,254,183,158,135,63,11
Düzce,Kaynaşlı,734,803,816,851,795,798,830,790,717,663,616,599,385,317,257,182,158,74,23
Düzce,Yığılca,568,667,759,686,605,573,586,561,550,543,613,532,444,362,289,167,161,60,16
